{
  "results": {
    "Ponderosa vs Douglas-fir": {
      "fn_rates": [
        0.04013743557707328,
        0.04769450166376166,
        0.039034331399905975,
        0.03137978772496541,
        0.031638595938926484,
        0.039788622940627905,
        0.03066812705366917,
        0.05530456457392119,
        0.04104885281723114,
        0.048279084254788995
      ],
      "fp_rates": [
        0.04827271726653773,
        0.049710311042723235,
        0.04750003929520127,
        0.050599222034992675,
        0.047276383804421264,
        0.058144290973161754,
        0.052351082394000846,
        0.03916264292791872,
        0.05124777884358341,
        0.04970194561097217
      ],
      "precisions": [
        0.6668836805555556,
        0.6549694856146469,
        0.669798951048951,
        0.6621451104100946,
        0.6715424080340574,
        0.6256836135304841,
        0.6503937007874016,
        0.7089081131634323,
        0.6534084866531958,
        0.6591521950167188
      ],
      "acc_s_only": [
        0.6673167812478595,
        0.6805031669238473,
        0.7032698674732389,
        0.6919637182764415,
        0.6893554091962435,
        0.7007945421568949,
        0.6803637475662099,
        0.6605649946062568,
        0.6765763638891152,
        0.6883759538388368
      ],
      "acc_filtered": [
        0.6979064147442622,
        0.6971534336710226,
        0.6991754546970953,
        0.6946970873877818,
        0.6956799609708502,
        0.6638952192987239,
        0.7002086364261467,
        0.6969789714983251,
        0.6953449689137302,
        0.7051599278507479
      ],
      "acc_random": [
        0.6250322954332155,
        0.6561008321716724,
        0.6460619590767998,
        0.6673316197551089,
        0.6223746798390047,
        0.6305569791405423,
        0.6676582777813969,
        0.6552768196786465,
        0.6812602762052221,
        0.63009240009931
      ],
      "acc_oracle": [
        0.709261188640179,
        0.7217163509682165,
        0.7258174514804084,
        0.7050791823783901,
        0.7171459934138309,
        0.708020296081446,
        0.7134424829363271,
        0.727979688298416,
        0.7197603936475675,
        0.7221209846039718
      ],
      "n_passed": [
        9216.0,
        9176.0,
        9152.0,
        9510.0,
        9161.0,
        9874.0,
        9525.0,
        8554.0,
        9403.0,
        9271.0
      ]
    },
    "Cottonwood/Willow vs Aspen": {
      "fn_rates": [
        0.22974767596281542,
        0.25628823929299793,
        0.27653997378768025,
        0.28888888888888886,
        0.28387533875338755,
        0.24083769633507857,
        0.2089249492900609,
        0.25697969543147203,
        0.25016501650165013,
        0.2786885245901639
      ],
      "fp_rates": [
        0.1604812100329956,
        0.15514599658538722,
        0.15074334784005608,
        0.15128354725787632,
        0.15655828614791897,
        0.1633514429255754,
        0.1627384305541367,
        0.15551560855840055,
        0.16545228882236987,
        0.16340317497373644
      ],
      "precisions": [
        0.09545753785385122,
        0.09329694695548355,
        0.09662173989147559,
        0.08985608985608985,
        0.0896902842596521,
        0.09396516808424463,
        0.09495982468955443,
        0.09913647138503218,
        0.09112055827384294,
        0.0861689106487148
      ],
      "acc_s_only": [
        1.0,
        1.0,
        1.0,
        1.0,
        1.0,
        1.0,
        1.0,
        1.0,
        1.0,
        1.0
      ],
      "acc_filtered": [
        0.9462808172914556,
        0.8836931466801596,
        0.9299802761341223,
        0.9018314327898722,
        0.9208490292668792,
        0.9417491749174918,
        0.9583333333333333,
        0.8812094627525963,
        0.9084089658965897,
        0.9388657045151567
      ],
      "acc_random": [
        0.9319697737250929,
        0.9443413729128014,
        0.9142011834319527,
        0.9176954732510287,
        0.9442190669371197,
        0.9792079207920792,
        0.9354166666666667,
        0.9340344168260037,
        0.9762376237623762,
        0.9316640584246219
      ],
      "acc_oracle": [
        1.0,
        1.0,
        1.0,
        1.0,
        1.0,
        1.0,
        1.0,
        1.0,
        1.0,
        1.0
      ],
      "n_passed": [
        12152.0,
        11726.0,
        11426.0,
        11396.0,
        11785.0,
        12345.0,
        12321.0,
        11812.0,
        12467.0,
        12255.0
      ]
    }
  },
  "pairs": [
    "Ponderosa vs Douglas-fir",
    "Cottonwood/Willow vs Aspen"
  ],
  "n_trials": 10,
  "N_S": 200,
  "N_B_subsample": 100000
}