{
  "results": {
    "Spruce/Fir vs Lodgepole Pine": {
      "fn_rates": [
        0.44785081117243686,
        0.42059497332820517,
        0.4105217333065434,
        0.38346356349978206,
        0.4263803680981595,
        0.5031819326672824,
        0.41993704795070985,
        0.40437809276188874,
        0.40732104212451137,
        0.4147667220292919
      ],
      "fp_rates": [
        0.19236043095004898,
        0.15619178350818708,
        0.16825613079019072,
        0.11793090137039182,
        0.10539547476310192,
        0.1488750598372427,
        0.07710280373831775,
        0.14597977852672123,
        0.17746126455586567,
        0.11940729337053786
      ],
      "precisions": [
        0.9438488149355291,
        0.9560454721041886,
        0.9531880330310004,
        0.9678344871153695,
        0.9691314321316303,
        0.9500690363805671,
        0.977651108979062,
        0.9590535868625756,
        0.9503941032469804,
        0.9656470588235294
      ],
      "acc_s_only": [
        0.7334388238432688,
        0.7481651041350326,
        0.7105383074441143,
        0.7300762770637973,
        0.7413016234334461,
        0.7000086077564478,
        0.729848554708945,
        0.734863337978396,
        0.7208459854046547,
        0.7369043373364317
      ],
      "acc_filtered": [
        0.7612991643942029,
        0.7650680859698389,
        0.7495955789533616,
        0.7544350586317936,
        0.755849488280441,
        0.7428811517570073,
        0.7367394697684597,
        0.7670705768544472,
        0.7570321682860442,
        0.7555530507513787
      ],
      "acc_random": [
        0.7259454945807273,
        0.7256695105793594,
        0.7371745265042302,
        0.7447051097485603,
        0.7331915056548921,
        0.7145375886101443,
        0.7380144483901669,
        0.7394770903548213,
        0.7391988786182757,
        0.7416793116522823
      ],
      "acc_oracle": [
        0.7744430578012393,
        0.7698125781703812,
        0.7686856383319178,
        0.7752401743601027,
        0.7729982663912793,
        0.7660159670113387,
        0.7748551123813906,
        0.7700069190970018,
        0.7766250218067289,
        0.7739747237937209
      ],
      "n_passed": [
        34977.0,
        36242.0,
        36935.0,
        37991.0,
        35311.0,
        31143.0,
        35438.0,
        37024.0,
        37173.0,
        36125.0
      ]
    },
    "Ponderosa vs Douglas-fir": {
      "fn_rates": [
        0.05622364516632827,
        0.03596894311519572,
        0.03825050948424513,
        0.04122442701122908,
        0.057453171729891395,
        0.025955859496425204,
        0.02832107651384763,
        0.023523913382146766,
        0.05634462306851884,
        0.03846752842236412
      ],
      "fp_rates": [
        0.040945327609792914,
        0.04759063574557616,
        0.04955910784175037,
        0.05332367438857305,
        0.05024588747309378,
        0.05139540005663405,
        0.04460060683236649,
        0.056148849499064186,
        0.05061877879640841,
        0.05382280312681861
      ],
      "precisions": [
        0.6988550942523418,
        0.6674712013165113,
        0.6605297157622739,
        0.6479883563780019,
        0.6518615284128021,
        0.6573316551290119,
        0.6864153863159058,
        0.6371213661313275,
        0.652563410685375,
        0.6433930804501876
      ],
      "acc_s_only": [
        0.6964385497517909,
        0.709712106867839,
        0.6739042121609968,
        0.6869895161024568,
        0.6810757409440176,
        0.6480080108459003,
        0.6830680592650497,
        0.7049436140918639,
        0.6884302512307479,
        0.6839781996787384
      ],
      "acc_filtered": [
        0.6668718553260726,
        0.6805478939770053,
        0.6874569523461318,
        0.6691211085532975,
        0.6834839614587145,
        0.6743494822391114,
        0.6746737454671792,
        0.6973604368932038,
        0.6942736071098158,
        0.6756397562719297
      ],
      "acc_random": [
        0.6149750468959733,
        0.5957267649170934,
        0.5942324299404242,
        0.6007503966180368,
        0.6149853640687889,
        0.586803548906505,
        0.6256278997387068,
        0.609173621756657,
        0.5892106436319884,
        0.5993329484575555
      ],
      "acc_oracle": [
        0.709261188640179,
        0.7217163509682165,
        0.7258174514804084,
        0.7050791823783901,
        0.7171459934138309,
        0.708020296081446,
        0.7134424829363271,
        0.727979688298416,
        0.7197603936475675,
        0.7221209846039718
      ],
      "n_passed": [
        8647.0,
        9115.0,
        9288.0,
        9619.0,
        9186.0,
        9534.0,
        9047.0,
        9838.0,
        9265.0,
        9596.0
      ]
    }
  },
  "pairs": [
    "Spruce/Fir vs Lodgepole Pine",
    "Ponderosa vs Douglas-fir"
  ],
  "n_trials": 10,
  "N_S": 200,
  "N_B_subsample": 100000
}