{
  "results": {
    "4": {
      "fn_rates": [
        0.0,
        0.005847953216374324,
        0.002915451895043719,
        0.013114754098360604,
        0.003058103975535187,
        0.005714285714285672,
        0.0,
        0.0,
        0.0029673590504450953,
        0.00303030303030305
      ],
      "fp_rates": [
        0.028290106357020856,
        0.03119526831089035,
        0.02793689076474726,
        0.02873950785565679,
        0.0317770154866304,
        0.029231873653984206,
        0.029523262492820217,
        0.03156096090059302,
        0.030676255688098418,
        0.031878857470934406
      ],
      "precisions": [
        0.14304347826086958,
        0.13529645841623558,
        0.14947552447552448,
        0.1306423611111111,
        0.1283464566929134,
        0.14597315436241612,
        0.1490066225165563,
        0.13972602739726028,
        0.13586736756975334,
        0.12901960784313726
      ],
      "acc_s_only": [
        0.9594444955118846,
        0.9597237347355785,
        0.9649688234252599,
        0.9497625637037455,
        0.9615323892450482,
        0.9574539363484087,
        0.9804394158411447,
        0.9504985228587364,
        0.9504343068953198,
        0.9716769705243316
      ],
      "acc_filtered": [
        0.9817810375431193,
        0.9707358574019498,
        0.9707693548728907,
        0.9662019060840479,
        0.9750789398143718,
        0.9771189279731993,
        0.9808852107485091,
        0.9798304687238248,
        0.9804896838156485,
        0.9810938441958604
      ],
      "acc_random": [
        0.8423188275675818,
        0.9459856699186558,
        0.8514664030620791,
        0.8969635602180412,
        0.9214716295091379,
        0.882177554438861,
        0.8777025092444244,
        0.8712114791975021,
        0.8280301000357271,
        0.9041559626362907
      ],
      "acc_oracle": [
        0.9818854288916774,
        0.9764820409120336,
        0.9694769677542406,
        0.9783217505243635,
        0.9781384556501771,
        0.9828643216080402,
        0.9856932252228104,
        0.9809180414887166,
        0.9737573687031083,
        0.9774845064761939
      ],
      "n_passed": [
        2300.0,
        2513.0,
        2288.0,
        2304.0,
        2540.0,
        2384.0,
        2416.0,
        2555.0,
        2473.0,
        2550.0
      ]
    },
    "5": {
      "fn_rates": [
        0.10416666666666663,
        0.10657193605683835,
        0.1427320490367776,
        0.12264995523724265,
        0.11996572407883466,
        0.11774891774891771,
        0.14627659574468088,
        0.12425531914893617,
        0.10409556313993173,
        0.10451727192205496
      ],
      "fp_rates": [
        0.19617974918718067,
        0.1895925893660888,
        0.1891283510993639,
        0.1902501342856728,
        0.18427207879941307,
        0.18760984820974652,
        0.17329248460913,
        0.18028332727933163,
        0.19133201603998373,
        0.18478024132073007
      ],
      "precisions": [
        0.0681833850396415,
        0.07153014789533561,
        0.06991858305956292,
        0.06957756478523251,
        0.07490336226387571,
        0.07312522425547183,
        0.07466273840905567,
        0.07657959365929895,
        0.07384485547506857,
        0.07359685520856082
      ],
      "acc_s_only": [
        0.6645886006364905,
        0.6682874822951801,
        0.7199403177062083,
        0.6760958672143018,
        0.6806101694915254,
        0.6942519549016863,
        0.7036248164603818,
        0.6869171114277821,
        0.7083790776714767,
        0.6917696411191465
      ],
      "acc_filtered": [
        0.7563405435853279,
        0.753908001642174,
        0.7570902979965284,
        0.7607766425641306,
        0.7688305084745763,
        0.7404130003148834,
        0.7893607781295815,
        0.7376077804455095,
        0.7300526771230096,
        0.7537797121381988
      ],
      "acc_random": [
        0.5499897932669358,
        0.5162770711982588,
        0.5336094993741313,
        0.49965499949471587,
        0.5266610169491526,
        0.530639366559373,
        0.5172056842121768,
        0.500265148101795,
        0.5181626112734045,
        0.5303646768414721
      ],
      "acc_oracle": [
        0.8549781111937467,
        0.8390882020404286,
        0.8662003195042842,
        0.8449633073204532,
        0.8536440677966102,
        0.8544057448743965,
        0.8537374042261991,
        0.8514358807658506,
        0.8533682806709257,
        0.8478775764146411
      ],
      "n_passed": [
        14505.0,
        14064.0,
        14002.0,
        14085.0,
        13711.0,
        13935.0,
        12898.0,
        13437.0,
        14219.0,
        13737.0
      ]
    }
  },
  "classes": [
    4,
    5
  ],
  "n_trials": 10,
  "N_S": 200,
  "N_B_subsample": 100000
}