{
  "N_S_values": [
    20,
    50,
    100,
    200,
    500,
    1000,
    2000,
    5000
  ],
  "model": "minilm",
  "emb_dim": 384,
  "n_wiki_pool": 5000,
  "n_c4_pool": 200000,
  "p": 0.01,
  "n_trials": 10,
  "fn_mean": [
    0.9611881188118812,
    0.870990099009901,
    0.7598019801980198,
    0.5663861386138614,
    0.3176732673267327,
    0.23024752475247526,
    0.18034653465346534,
    0.1614851485148515
  ],
  "fn_std": [
    0.026935606715397298,
    0.031699562590121945,
    0.017658492867621747,
    0.022794274782207465,
    0.021672824061793345,
    0.011462186845521203,
    0.007416000209806595,
    0.008611015804023334
  ],
  "fp_mean": [
    0.0011480000000000001,
    0.0053915000000000005,
    0.012540500000000001,
    0.0294,
    0.058167500000000004,
    0.0721935,
    0.08029800000000001,
    0.082701
  ],
  "fp_std": [
    0.00047562695466089807,
    0.0007657546930969473,
    0.0018060529477288312,
    0.0025809310335613385,
    0.0040622089126483895,
    0.0024717878650887494,
    0.0016374846564166626,
    0.0010300820355680414
  ],
  "prec_mean": [
    0.24129531136679852,
    0.1932870619210818,
    0.16413105707872752,
    0.13020021668300363,
    0.10624082926152986,
    0.09729405872256104,
    0.09349119074763598,
    0.09290044617646842
  ],
  "prec_std": [
    0.05472066447079602,
    0.028002689534248008,
    0.01957199431172998,
    0.008628263350835483,
    0.005588493890370042,
    0.0026740240815790366,
    0.0017877709936528505,
    0.0011136105095676074
  ],
  "recall_mean": [
    0.03881188118811881,
    0.12900990099009904,
    0.2401980198019802,
    0.43361386138613867,
    0.6823267326732673,
    0.7697524752475248,
    0.8196534653465346,
    0.8385148514851485
  ],
  "recall_std": [
    0.0269356067153973,
    0.031699562590121945,
    0.017658492867621736,
    0.02279427478220748,
    0.021672824061793345,
    0.011462186845521203,
    0.0074160002098065956,
    0.008611015804023334
  ],
  "n_passed_mean": [
    308.0,
    1338.9,
    2993.3,
    6755.9,
    13011.8,
    15993.6,
    17715.3,
    18234.0
  ]
}