{
  "n_c4_values": [
    50000,
    100000,
    150000,
    200000
  ],
  "N_S": 1000,
  "model": "bge",
  "emb_dim": 768,
  "p": 0.01,
  "n_trials": 10,
  "NB": [
    50505,
    101010,
    151515,
    202020
  ],
  "fn_mean": [
    0.22554455445544558,
    0.23742574257425736,
    0.24105610561056107,
    0.24559405940594062
  ],
  "fn_std": [
    0.019551886032470694,
    0.029159382390811835,
    0.02302258757410481,
    0.02522173989084147
  ],
  "fp_mean": [
    0.03139,
    0.030527000000000006,
    0.03149133333333333,
    0.031170999999999997
  ],
  "fp_std": [
    0.0018981306593593603,
    0.002823834449821731,
    0.0034751256412138857,
    0.002916279136159638
  ],
  "prec_mean": [
    0.19991016155704738,
    0.20222560095295342,
    0.1971110598739402,
    0.19722639365970412
  ],
  "prec_std": [
    0.009788107035379304,
    0.010305652811360592,
    0.014839290574687254,
    0.010466158239315697
  ],
  "recall_mean": [
    0.7744554455445545,
    0.7625742574257426,
    0.758943894389439,
    0.7544059405940594
  ],
  "recall_std": [
    0.019551886032470697,
    0.029159382390811832,
    0.02302258757410481,
    0.025221739890841467
  ],
  "n_passed_mean": [
    1960.6,
    3822.9,
    5873.5,
    7758.1
  ]
}