{
  "n_c4_values": [
    50000,
    100000,
    150000,
    200000
  ],
  "N_S": 1000,
  "model": "minilm",
  "emb_dim": 384,
  "p": 0.01,
  "n_trials": 10,
  "NB": [
    50505,
    101010,
    151515,
    202020
  ],
  "fn_mean": [
    0.218019801980198,
    0.23217821782178216,
    0.22877887788778878,
    0.22188118811881186
  ],
  "fn_std": [
    0.03515004877422658,
    0.012827419533676755,
    0.016599577417471444,
    0.018558480918400306
  ],
  "fp_mean": [
    0.07355199999999998,
    0.073103,
    0.07320199999999999,
    0.074435
  ],
  "fp_std": [
    0.0028482303277649443,
    0.0031193366281951672,
    0.002591998028119963,
    0.0027814897087711813
  ],
  "prec_mean": [
    0.09700645322712488,
    0.09602906941658548,
    0.09623610193949936,
    0.09556987753896093
  ],
  "prec_std": [
    0.0036843940802073604,
    0.0034150122423656296,
    0.002409327913553839,
    0.002719351902712437
  ],
  "recall_mean": [
    0.781980198019802,
    0.7678217821782178,
    0.7712211221122113,
    0.7781188118811881
  ],
  "recall_std": [
    0.03515004877422658,
    0.012827419533676755,
    0.016599577417471444,
    0.018558480918400306
  ],
  "n_passed_mean": [
    4072.5,
    8085.8,
    12148.7,
    16458.8
  ]
}