{
  "N_S_values": [
    20,
    50,
    100,
    200,
    500,
    1000,
    2000,
    5000
  ],
  "model": "bge",
  "emb_dim": 768,
  "n_wiki_pool": 5000,
  "n_c4_pool": 200000,
  "p": 0.01,
  "n_trials": 10,
  "fn_mean": [
    0.951138613861386,
    0.8179702970297029,
    0.7012871287128712,
    0.5724752475247525,
    0.3603960396039604,
    0.2500990099009901,
    0.1724752475247525,
    0.1244059405940594
  ],
  "fn_std": [
    0.019016668040598914,
    0.03860881535955599,
    0.06739774938304555,
    0.0520693248161066,
    0.04769821890035365,
    0.0318796506609174,
    0.011287128712871264,
    0.009708651600021453
  ],
  "fp_mean": [
    0.0006685,
    0.002731,
    0.0057725,
    0.0107705,
    0.022227000000000004,
    0.030232499999999995,
    0.0368205,
    0.041959
  ],
  "fp_std": [
    0.00024245669716466896,
    0.0007672118351537598,
    0.0013630998679480533,
    0.0012325876236600791,
    0.0036370717617336067,
    0.0033099042659871605,
    0.002958485634577258,
    0.002043592180450885
  ],
  "prec_mean": [
    0.4196880387687535,
    0.407749440448424,
    0.3441192729365552,
    0.28636898460576216,
    0.22737865435554278,
    0.20134857353125363,
    0.18568985842853716,
    0.17435021756378155
  ],
  "prec_std": [
    0.05680609512717338,
    0.04632941314803458,
    0.040489469108499904,
    0.016798196581368368,
    0.01696004012954344,
    0.011528547430325983,
    0.010243388691650531,
    0.006969634703301883
  ],
  "recall_mean": [
    0.04886138613861386,
    0.18202970297029702,
    0.2987128712871287,
    0.42752475247524757,
    0.6396039603960396,
    0.7499009900990099,
    0.8275247524752475,
    0.8755940594059407
  ],
  "recall_std": [
    0.019016668040598927,
    0.038608815359556,
    0.06739774938304552,
    0.052069324816106606,
    0.04769821890035365,
    0.0318796506609174,
    0.011287128712871262,
    0.009708651600021453
  ],
  "n_passed_mean": [
    232.4,
    913.9,
    1757.9,
    3017.7,
    5737.4,
    7561.3,
    9035.7,
    10160.5
  ]
}