{
  "N_S_values": [
    10,
    20,
    50,
    100,
    200,
    500,
    1000
  ],
  "target_digit": 3,
  "n_trials": 10,
  "fn_mean": [
    0.896674251706634,
    0.6706283913880624,
    0.30386837038333625,
    0.20266059863469282,
    0.14391738141081745,
    0.11841414318221602,
    0.11130754419744442
  ],
  "fn_std": [
    0.04827680453070515,
    0.08308277314242282,
    0.0664812392038132,
    0.03449269089742823,
    0.010831756144958963,
    0.0052208999107643626,
    0.0038416658862279645
  ],
  "fp_mean": [
    0.0032990633762204945,
    0.018812019010877565,
    0.0469803328892159,
    0.04830473084494998,
    0.04722492890806769,
    0.04474317418020562,
    0.045087199475013426
  ],
  "fp_std": [
    0.0015656483741791735,
    0.012043908869484218,
    0.016568982971734408,
    0.011769857795265704,
    0.007695141485168525,
    0.0021941587997006172,
    0.0028380961275248375
  ],
  "acc_s_mean": [
    0.804714647551671,
    0.8490627319970304,
    0.8795795823897488,
    0.8854465728384895,
    0.9025743482248133,
    0.9092737986063021,
    0.9119226978096362
  ],
  "acc_s_std": [
    0.020945139416170773,
    0.022026828887079887,
    0.0171246347978191,
    0.00998532720843543,
    0.006566771966493119,
    0.00538914635576651,
    0.004849285845424829
  ],
  "acc_f_mean": [
    0.7066447848627201,
    0.7706301897150842,
    0.8688911087820428,
    0.8906695083378564,
    0.9094407584860225,
    0.9195785998140904,
    0.9225005926646827
  ],
  "acc_f_std": [
    0.03946462864130238,
    0.0232647326773993,
    0.017921005357971854,
    0.010241231045148106,
    0.005214334863592265,
    0.004797104880100704,
    0.005113387431516516
  ],
  "acc_r_mean": [
    0.6894798899515263,
    0.7045017561590338,
    0.7864077813753564,
    0.8169797651800141,
    0.8373473888441791,
    0.8402757762347701,
    0.8410402356933865
  ],
  "acc_r_std": [
    0.03494094394636092,
    0.03063149982614257,
    0.02447665423341546,
    0.02030018461357211,
    0.010358289867270961,
    0.010222285277411277,
    0.0048381583803675625
  ]
}