{
  "results": {
    "3": {
      "fn_rates": [
        0.12235252931909679,
        0.16978820234552772,
        0.14230701907929288,
        0.15000875196919305,
        0.15561001225275684,
        0.1459828461403816,
        0.15473481533345002,
        0.16016103623315248,
        0.1382811132504813,
        0.15771048485909334
      ],
      "fp_rates": [
        0.05629685604629427,
        0.03945353669934575,
        0.05192196790422972,
        0.044961918587308844,
        0.05084813172390479,
        0.042555730109173344,
        0.036092827172032535,
        0.036570087696621394,
        0.03623202815837095,
        0.03686837552448943
      ],
      "precisions": [
        0.6391332058636074,
        0.7050691244239631,
        0.65237651444548,
        0.6823099620626668,
        0.6535699769678905,
        0.6951132639977204,
        0.7268211920529801,
        0.7229169805635076,
        0.729873980726464,
        0.7218721872187218
      ],
      "acc_s_only": [
        0.901655094108913,
        0.8941586656934488,
        0.8935293493789498,
        0.8964029932685769,
        0.9138140779697179,
        0.9065874679493178,
        0.8981139226291852,
        0.9053405326495855,
        0.9098198299364288,
        0.8985911736632293
      ],
      "acc_filtered": [
        0.9086610145171654,
        0.9075544471686224,
        0.9022235843112301,
        0.9049209884399194,
        0.9217674820484987,
        0.9171267616177874,
        0.9104655225119,
        0.9076012364856856,
        0.9117155770994366,
        0.9056282869495237
      ],
      "acc_random": [
        0.8297165191243536,
        0.8331453962431298,
        0.8300736775779354,
        0.8403478317830473,
        0.8661864523092088,
        0.8525302103023837,
        0.8162115625760327,
        0.8463961308354077,
        0.8446688252138272,
        0.8454486471648793
      ],
      "acc_oracle": [
        0.9313943840342374,
        0.9242566737162571,
        0.9316252113317487,
        0.928084819673972,
        0.9358346902235282,
        0.9353644575870437,
        0.932811320519299,
        0.927233254103423,
        0.928832668925031,
        0.9282275270910145
      ],
      "n_passed": [
        7845.0,
        6727.0,
        7511.0,
        7117.0,
        7381.0,
        7019.0,
        6644.0,
        6637.0,
        6745.0,
        6666.0
      ]
    },
    "7": {
      "fn_rates": [
        0.07713404182379158,
        0.08004799451491262,
        0.08844703462461434,
        0.10233116215289684,
        0.10918752142612276,
        0.0762769969146383,
        0.09187521426122724,
        0.09564621186150157,
        0.08004799451491262,
        0.11158724717175184
      ],
      "fp_rates": [
        0.032332655583462905,
        0.0270103257186142,
        0.027428935932703423,
        0.021907267870669378,
        0.027169796276362478,
        0.035063588884902123,
        0.029880795758083164,
        0.023143164693218515,
        0.0299007295778017,
        0.030379141251046526
      ],
      "precisions": [
        0.7684841564373395,
        0.7984230883665576,
        0.7944427845832088,
        0.8265467171717171,
        0.7922256097560976,
        0.753917179630666,
        0.7794615271443284,
        0.8196364766195433,
        0.781564001747488,
        0.7727747129864321
      ],
      "acc_s_only": [
        0.9476591898518029,
        0.9584168861022755,
        0.9557075274251927,
        0.941068142278112,
        0.9456182351086517,
        0.9503685485288855,
        0.9360862375520698,
        0.9454825048412829,
        0.9298862581999034,
        0.9386208711779032
      ],
      "acc_filtered": [
        0.9536979433981558,
        0.9591497803585323,
        0.956503163113678,
        0.942763773206337,
        0.9415524482029307,
        0.9544070910060649,
        0.9453365271710025,
        0.9557711433024696,
        0.947497089600941,
        0.9445807607114463
      ],
      "acc_random": [
        0.8656197938069505,
        0.8729589837724314,
        0.8756123506400036,
        0.8733491775489075,
        0.8933216664146262,
        0.8913214553454525,
        0.8927473746290372,
        0.8905630655507508,
        0.8938798356196337,
        0.8816291064281057
      ],
      "acc_oracle": [
        0.9645582503097858,
        0.970000714312299,
        0.9674109633220036,
        0.9615689325851509,
        0.9619125075099799,
        0.9644148959746508,
        0.9608436623966604,
        0.9668290474686483,
        0.9610116378251918,
        0.9656898368553338
      ],
      "n_passed": [
        7006.0,
        6722.0,
        6694.0,
        6336.0,
        6560.0,
        7148.0,
        6797.0,
        6437.0,
        6867.0,
        6707.0
      ]
    },
    "1": {
      "fn_rates": [
        0.04458901935893367,
        0.03538559187559509,
        0.043160901301174226,
        0.05077753094255788,
        0.04522373849571559,
        0.04474769914312915,
        0.04363694065376067,
        0.054744525547445244,
        0.02935576007616625,
        0.04839733417962555
      ],
      "fp_rates": [
        0.012515594188900962,
        0.014769206004265765,
        0.010443076180127972,
        0.011489395951547346,
        0.012877781802084591,
        0.012616201859229747,
        0.014648476799871222,
        0.008632138114209827,
        0.02527264678659101,
        0.010342468509799188
      ],
      "precisions": [
        0.9063676049977419,
        0.8922647879054748,
        0.9207512597343106,
        0.9128643369449108,
        0.903860597866907,
        0.9056717316082443,
        0.8922279792746114,
        0.9328217976824303,
        0.8296487182964872,
        0.9210566733220703
      ],
      "acc_s_only": [
        0.976436396154706,
        0.9795975855130785,
        0.9771070869662419,
        0.9776883523362396,
        0.974249944109099,
        0.9726939414263358,
        0.9641716968477532,
        0.9681913704448916,
        0.9753454057679409,
        0.9744556226246368
      ],
      "acc_filtered": [
        0.9781265369997765,
        0.9787972278113123,
        0.9775408003577017,
        0.9765705343170132,
        0.9782830315224682,
        0.9755108428347865,
        0.9678783813995082,
        0.968982785602504,
        0.9772904091213951,
        0.9756360384529399
      ],
      "acc_random": [
        0.9621775095014531,
        0.9518980549966465,
        0.947936507936508,
        0.9473507712944332,
        0.9582204337133915,
        0.9665951263134361,
        0.9417259110216857,
        0.9513615023474178,
        0.9547641403979432,
        0.9561547060138609
      ],
      "acc_oracle": [
        0.9826291079812206,
        0.9821551531410686,
        0.9801654370668456,
        0.9833355689693718,
        0.9806975184439972,
        0.9823966018332215,
        0.9796691258663089,
        0.9811714732841493,
        0.983228258439526,
        0.981515761234071
      ],
      "n_passed": [
        6643.0,
        6813.0,
        6549.0,
        6553.0,
        6657.0,
        6647.0,
        6755.0,
        6386.0,
        7373.0,
        6511.0
      ]
    },
    "9": {
      "fn_rates": [
        0.15268546793605176,
        0.12502245374528476,
        0.14765582899227592,
        0.1289743129153943,
        0.11586132566912166,
        0.11119094664990126,
        0.10185018861146045,
        0.12196874438656369,
        0.12071133465061967,
        0.11442428597089993
      ],
      "fp_rates": [
        0.07401899549897885,
        0.07388019748973886,
        0.06418416512997442,
        0.07300775286023041,
        0.08139511827573216,
        0.08559871512700018,
        0.07685444054488133,
        0.06408502369480301,
        0.0761802787857157,
        0.0807606130906351
      ],