{
  "results": {
    "3 vs 8": {
      "fn_rates": [
        0.2597332855992124,
        0.23422536471851785,
        0.21641457084041882,
        0.2115814910946031,
        0.2028998478474895,
        0.2624183299024434,
        0.2283182672514097,
        0.25606372505146335,
        0.26295533876308963,
        0.23019779826367137
      ],
      "fp_rates": [
        0.09177504628906685,
        0.08974501974256587,
        0.10542753251388672,
        0.10500368081736454,
        0.09650433890289335,
        0.08559573471345394,
        0.09101657483213242,
        0.09719588640774533,
        0.06982399000602316,
        0.10366520177571553
      ],
      "precisions": [
        0.6678239806217198,
        0.6801812544717386,
        0.6494325346784363,
        0.6517460787215152,
        0.6730652962515115,
        0.6823149528067561,
        0.6787907416154936,
        0.6560896676927934,
        0.7245930488341399,
        0.6492300724637681
      ],
      "acc_s_only": [
        0.9437297996121525,
        0.9314425770308123,
        0.9269500107735402,
        0.9394527041585865,
        0.9481469510881275,
        0.9351432880844646,
        0.9392964878258996,
        0.948960353372118,
        0.9439614307261366,
        0.929433311786253
      ],
      "acc_filtered": [
        0.9407293686705451,
        0.9366785175608705,
        0.9499622926093514,
        0.9494828700711053,
        0.9476998491704374,
        0.9397112691230338,
        0.9399590605472958,
        0.9321967248437837,
        0.9459276018099547,
        0.9411710838181426
      ],
      "acc_random": [
        0.9084733893557423,
        0.9122225813402285,
        0.9351702219349278,
        0.917189183365654,
        0.931679594914889,
        0.913052143934497,
        0.92703081232493,
        0.9216009480715364,
        0.9176039646627883,
        0.9189883645765999
      ],
      "acc_oracle": [
        0.9622710622710622,
        0.9631113984055161,
        0.9651368239603534,
        0.9633053221288516,
        0.9645604395604396,
        0.964258780435251,
        0.96086511527688,
        0.9585110967463909,
        0.9623303167420815,
        0.9625404007756949
      ],
      "n_passed": [
        12385.0,
        12579.0,
        13481.0,
        13516.0,
        13232.0,
        12078.0,
        12702.0,
        12669.0,
        11365.0,
        13248.0
      ]
    },
    "4 vs 9": {
      "fn_rates": [
        0.1042082350807183,
        0.12733538908035558,
        0.10321059314347902,
        0.11790313803736618,
        0.0913295846181752,
        0.14057681842916747,
        0.09912933067295482,
        0.09259931072011607,
        0.09776890984944675,
        0.10792671866497372
      ],
      "fp_rates": [
        0.03308578289678481,
        0.03784408769511273,
        0.04180193000400231,
        0.03524258460443812,
        0.034975763774625336,
        0.02877217948147819,
        0.04213545604126829,
        0.03924489705162983,
        0.039889714057010715,
        0.03339707386489972
      ],
      "precisions": [
        0.8690717113946327,
        0.8496997527375486,
        0.840244731475187,
        0.8598709221112192,
        0.8643029675638372,
        0.8798514391829155,
        0.8397869462292864,
        0.8500424808836023,
        0.8472151251916198,
        0.8675251367084141
      ],
      "acc_s_only": [
        0.9354832083804046,
        0.9434391154017322,
        0.9278251343671904,
        0.9269316353428503,
        0.9437848755605764,
        0.9320701105747835,
        0.9205915579747355,
        0.9440416281537777,
        0.9510081818493032,
        0.9438601896545822
      ],
      "acc_filtered": [
        0.9434665023450071,
        0.9275683817739893,
        0.9387319845263771,
        0.9284618807983294,
        0.9455273698264353,
        0.9315429119167437,
        0.9230563828694669,
        0.9361268015473623,
        0.9527369826435247,
        0.9416486939851425
      ],
      "acc_random": [
        0.8741741124918695,
        0.9100270446064839,
        0.8963609599123618,
        0.8774023484303858,
        0.8735168258532744,
        0.8944541439868543,
        0.8505665673889973,
        0.8926842627777207,
        0.8844921433706481,
        0.9084180616890898
      ],
      "acc_oracle": [
        0.9600835301769881,
        0.9648180479956181,
        0.9651227277395502,
        0.9640443668481051,
        0.9643969737427682,
        0.9605114511656567,
        0.9672315223717093,
        0.9644654411009551,
        0.9687925781383726,
        0.9641128342062921
      ],
      "n_passed": [
        11365.0,
        11324.0,
        11768.0,
        11311.0,
        11592.0,
        10770.0,
        11828.0,
        11770.0,
        11742.0,
        11338.0
      ]
    },
    "1 vs 7": {
      "fn_rates": [
        0.11346407382992751,
        0.11873764007910348,
        0.11280487804878048,
        0.1301087673038892,
        0.11066249176005272,
        0.10860250494396839,
        0.11972643375082404,
        0.10201054713249835,
        0.12903757415952533,
        0.11420566908371788
      ],
      "fp_rates": [
        0.0398504468356739,
        0.03727430238920299,
        0.04203902972825096,
        0.03843698705088455,
        0.03453857377348167,
        0.032008024803939446,
        0.03191683385008207,
        0.04039759255881817,
        0.025168703264636147,
        0.03663596571220135
      ],
      "precisions": [
        0.8602382665707204,
        0.8673965936739659,
        0.8537784473872017,
        0.862288654741485,
        0.8769093272668184,
        0.8851251840942562,
        0.8841347347513034,
        0.8601420678768745,
        0.9054308720232996,
        0.8699522537832808
      ],
      "acc_s_only": [
        0.9892607461079017,
        0.988993766115082,
        0.985833741310095,
        0.9854405605056735,
        0.9857939227781586,
        0.9903393278718844,
        0.9860250008159536,
        0.9850075611693159,
        0.9888928054658006,
        0.9902383672226029
      ],
      "acc_filtered": [
        0.9785719725404441,
        0.9856823003361729,
        0.9773671899648596,
        0.9758051285398783,
        0.980184514290066,
        0.9826989566674282,
        0.9725189029232895,
        0.9728829269884787,
        0.9787884722086231,
        0.9846541988968309
      ],
      "acc_random": [
        0.9811116550801267,
        0.9644455323824754,
        0.9710578021475897,
        0.9633921907808132,
        0.9602428277685303,
        0.9746003459642938,
        0.9629990099763918,
        0.9675045965381812,
        0.9659823536451364,
        0.9697772990850442
      ],
      "acc_oracle": [
        0.9950361739395324,
        0.9945925128104703,
        0.9939323520132293,
        0.9953283940946724,
        0.9941090331494717,
        0.9963817356963347,
        0.9936401318580894,
        0.9950614141018528,
        0.99369061218273,
        0.995303153932352
      ],
      "n_passed": [
        12507.0,
        12330.0,
        12611.0,
        12243.0,
        12308.0,
        12222.0,
        12083.0,
        12670.0,
        11674.0,
        12357.0
      ]
    }
  },
  "pairs": [
    "3 vs 8",
    "4 vs 9",
    "1 vs 7"
  ],
  "n_trials": 10,
  "N_S": 200,
  "pca_dims": 50
}