{
  "N_S_values": [
    10,
    20,
    50,
    100,
    200,
    500,
    1000
  ],
  "pair": "7 vs 9",
  "n_trials": 10,
  "fn_mean": [
    0.9103324269800895,
    0.6845715288132619,
    0.36438908867643194,
    0.19780720989386896,
    0.1219980703447066,
    0.09241294623278659,
    0.07808964125953864
  ],
  "fn_std": [
    0.03472232110674505,
    0.06155496150967686,
    0.054931799535509425,
    0.035194936711749086,
    0.010777857598558866,
    0.006287790357237526,
    0.003453665996928111
  ],
  "fp_mean": [
    0.004327451288145474,
    0.019590125339133166,
    0.03813986860691944,
    0.03991793537971704,
    0.037287831565730165,
    0.039341689275544295,
    0.04160407184017579
  ],
  "fp_std": [
    0.0013954717629049947,
    0.006600414597676016,
    0.010598216633712016,
    0.009105739922306648,
    0.003030376612572785,
    0.0031828887286431116,
    0.0037828990464867564
  ],
  "acc_s_mean": [
    0.801530400316536,
    0.8696480458681556,
    0.8903555067852725,
    0.917333893742649,
    0.9316406409755459,
    0.9441348697614993,
    0.9488498222934177
  ],
  "acc_s_std": [
    0.06753432176826676,
    0.03121153415361,
    0.01664253894713612,
    0.016840946783237897,
    0.007595496197109983,
    0.006906494546727025,
    0.004004514231475477
  ],
  "acc_f_mean": [
    0.8841142683135341,
    0.906065502848282,
    0.9180382159077076,
    0.9248614539074014,
    0.9323353547159379,
    0.9365190352747443,
    0.9376734012690019
  ],
  "acc_f_std": [
    0.019695221754810026,
    0.010569224562490936,
    0.011201513682000189,
    0.008409223309833916,
    0.004740027270151771,
    0.005744344384699388,
    0.00475729211767167
  ],
  "acc_r_mean": [
    0.8478094516348857,
    0.842801614609536,
    0.844533225193388,
    0.8627130791354783,
    0.8670178504820718,
    0.8763063885183758,
    0.8751042021336616
  ],
  "acc_r_std": [
    0.015241777059310728,
    0.019528566937895737,
    0.01651391287276333,
    0.017670653475528677,
    0.006536523332012098,
    0.008897102485850135,
    0.004369045375616468
  ]
}