{
  "N_S_values": [
    10,
    20,
    50,
    100,
    200,
    500,
    1000
  ],
  "pair": "3 vs 8",
  "n_trials": 10,
  "fn_mean": [
    0.941994092902533,
    0.7503624809809362,
    0.4420835943793072,
    0.31074912736060145,
    0.24254900205853397,
    0.20059965989438827,
    0.18940302514991497
  ],
  "fn_std": [
    0.019330721564521106,
    0.06444333558053061,
    0.05559144440968825,
    0.024044434725989397,
    0.010460881146506795,
    0.008271219790055724,
    0.004837022832042049
  ],
  "fp_mean": [
    0.0069355522341446015,
    0.03317643384567336,
    0.08252169451446671,
    0.08156245120128494,
    0.09150288888393157,
    0.09402146028063443,
    0.08782207151939679
  ],
  "fp_std": [
    0.003033384676852424,
    0.01655141713028032,
    0.02262270203416407,
    0.008047265045562428,
    0.007480128840958544,
    0.006782038435338516,
    0.0027603694274947244
  ],
  "acc_s_mean": [
    0.8302806507218271,
    0.8598507864684335,
    0.9151497522085759,
    0.9300382460676578,
    0.9418670545141132,
    0.9479363283775047,
    0.952861452273217
  ],
  "acc_s_std": [
    0.027803042965981038,
    0.028551576144043123,
    0.013796139154755653,
    0.012619390984752605,
    0.007564654033864824,
    0.003656765104916627,
    0.0033152117569191135
  ],
  "acc_f_mean": [
    0.8705688429217842,
    0.8822042663219133,
    0.9269047619047619,
    0.9314684335272571,
    0.9427046972635209,
    0.9484680025856497,
    0.9499811463046758
  ],
  "acc_f_std": [
    0.03586514239680568,
    0.02817175361187436,
    0.008173189250973505,
    0.008551275787877698,
    0.004795250000060967,
    0.002894984964027932,
    0.004396495663863406
  ],
  "acc_r_mean": [
    0.8665082956259427,
    0.87060116354234,
    0.8810051712992891,
    0.8931167851756087,
    0.914437082525318,
    0.9290460030165912,
    0.9346687136393019
  ],
  "acc_r_std": [
    0.02841835030070722,
    0.018405733300449464,
    0.014065057615755125,
    0.019361458277366652,
    0.0074398239532151795,
    0.0029639108020570975,
    0.0030435398325072993
  ]
}