{
  "results": {
    "7 vs 9": {
      "fn_rates": [
        0.12209455310937634,
        0.10990264011928774,
        0.11507762476975703,
        0.13753179545653893,
        0.14209279887729143,
        0.10349969300938511,
        0.14296991491974387,
        0.10297342338391369,
        0.11349881589334265,
        0.14849574598719406
      ],
      "fp_rates": [
        0.04231036570326689,
        0.044418036278840334,
        0.03926096997690531,
        0.03935065808650418,
        0.035157738962757014,
        0.05466490280051122,
        0.04006816296329514,
        0.049530258525975916,
        0.03349850893517792,
        0.03614430816834458
      ],
      "precisions": [
        0.8413752521856086,
        0.8366724379586116,
        0.8521114864864865,
        0.848550224370038,
        0.8618380474050578,
        0.8074097480053717,
        0.8453884755147949,
        0.822370537150209,
        0.8712179984484096,
        0.8575971731448764
      ],
      "acc_s_only": [
        0.9363629106924027,
        0.9257544707507235,
        0.9433341923429233,
        0.9273201512316769,
        0.919084745812821,
        0.9239175370503319,
        0.9218857247881096,
        0.9254300016408233,
        0.911686997929015,
        0.9303862241798224
      ],
      "acc_filtered": [
        0.9346996677456024,
        0.9362365229525555,
        0.9390877613799471,
        0.9291159411649057,
        0.9246593567085775,
        0.9282462555476334,
        0.9373407526796418,
        0.9354094593216256,
        0.9220350249252391,
        0.928555449726012
      ],
      "acc_random": [
        0.8644325190480859,
        0.8835064738608966,
        0.8690048973401416,
        0.8765869298816586,
        0.863102860896126,
        0.8791777553635951,
        0.8734264972758885,
        0.8559975540399977,
        0.8631119765810662,
        0.8656860489123017
      ],
      "acc_oracle": [
        0.9601279940713556,
        0.9581967007133393,
        0.9587648296179937,
        0.9485675809780785,
        0.9514843537890946,
        0.9566674829721469,
        0.9544437485864529,
        0.9589826205771066,
        0.9520783515293902,
        0.9544102422850509
      ],
      "n_passed": [
        11896.0,
        12129.0,
        11840.0,
        11588.0,
        11349.0,
        12659.0,
        11558.0,
        12436.0,
        11601.0,
        11320.0
      ]
    },
    "3 vs 5": {
      "fn_rates": [
        0.19975843166403418,
        0.2280962556907925,
        0.2025457586174858,
        0.22781752299544733,
        0.23738734553563134,
        0.17941094490383724,
        0.20542599646938586,
        0.20997863049335685,
        0.20208120412524389,
        0.20273158041438266
      ],
      "fp_rates": [
        0.056170833609655815,
        0.07708291884961425,
        0.06662687622963503,
        0.05026858544996352,
        0.06693635740654774,
        0.07352388531511815,
        0.07507129119968167,
        0.04772641863960917,
        0.0593982801688883,
        0.07356809691181997
      ],
      "precisions": [
        0.772189349112426,
        0.7043662568885121,
        0.7401051996205915,
        0.785167690127539,
        0.7305090779636881,
        0.7264352689587104,
        0.7157683294275192,
        0.7975051585068468,
        0.7616851441241685,
        0.7205474850953061
      ],
      "acc_s_only": [
        0.9215461719129457,
        0.925140721371684,
        0.9270111845213145,
        0.9235413880516576,
        0.9274511467294756,
        0.925853476782637,
        0.9124092629926079,
        0.9210288628515539,
        0.9290679454679734,
        0.9260397745796656
      ],
      "acc_filtered": [
        0.9088479809976246,
        0.9112108026108305,
        0.9017553577250377,
        0.8949954090900019,
        0.9190020426222746,
        0.9045107354105537,
        0.8892700785777494,
        0.910461452989747,
        0.9099175299573511,
        0.8973407652847363
      ],
      "acc_random": [
        0.781599932134374,
        0.7968372622208029,
        0.7574527435677358,
        0.7873834807081979,
        0.7765100101798439,
        0.7805777893104986,
        0.7774390041052051,
        0.7578294975947624,
        0.8049678303625488,
        0.7743509517821381
      ],
      "acc_oracle": [
        0.9501378936372649,
        0.9493777320904608,
        0.9433480042848493,
        0.9457690439596266,
        0.9581012927736415,
        0.956625049069509,
        0.9487373334131752,
        0.9452059921355715,
        0.9477484580530549,
        0.9435767180981656
      ],
      "n_passed": [
        11154.0,
        11795.0,
        11597.0,
        10585.0,
        11236.0,
        12158.0,
        11948.0,
        10662.0,
        11275.0,
        11909.0
      ]
    },
    "4 vs 9": {
      "fn_rates": [
        0.11128242336296024,
        0.11409395973154357,
        0.11871939053147107,
        0.11962633774714315,
        0.13413749319789592,
        0.1130056230727372,
        0.12407037910393615,
        0.15300199528387448,
        0.1001269726101941,
        0.13622347179394156
      ],
      "fp_rates": [
        0.03150709298705919,
        0.031773913816871974,
        0.02948370169431227,
        0.034975763774625336,
        0.02470316182683328,
        0.03659892382265309,
        0.041179348067772494,
        0.033463779072352914,
        0.04089029216880864,
        0.03635433806199137
      ],
      "precisions": [
        0.8736626248216833,
        0.8723765294275252,
        0.8799239337136647,
        0.860549645390071,
        0.8957590542315631,
        0.8559425870820935,
        0.8390964378801042,
        0.8612135743268167,
        0.8436357452597568,
        0.8534814947575947
      ],
      "acc_s_only": [
        0.9437301016740269,
        0.9326110027044607,
        0.940936633459998,
        0.947690938345144,
        0.9379240696997706,
        0.9342884529800417,
        0.9359145527369827,
        0.9406182602444285,
        0.9466673513402486,
        0.9320221834240525
      ],
      "acc_filtered": [
        0.9224333299099654,
        0.9157988429016466,
        0.9183081715791996,
        0.9168908972647289,
        0.9249358118516997,
        0.905244599637123,
        0.886854267228099,
        0.916144603060491,
        0.9123172777378384,
        0.9117353051932491
      ],
      "acc_random": [
        0.7843962890691862,
        0.7358186984355208,
        0.7310362534661601,
        0.7633768101057821,
        0.7521584334668447,
        0.7250556297285269,
        0.7363322036219233,
        0.7497689226661189,
        0.7817979528259902,
        0.7546506453048509
      ],
      "acc_oracle": [
        0.9600835301769881,
        0.9648180479956181,
        0.9651227277395502,
        0.9640443668481051,
        0.9643969737427682,
        0.9605114511656567,
        0.9672315223717093,
        0.9644654411009551,
        0.9687925781383726,
        0.9641128342062921
      ],
      "n_passed": [
        11216.0,
        11197.0,
        11043.0,
        11280.0,
        10658.0,
        11426.0,
        11510.0,
        10844.0,
        11761.0,
        11159.0
      ]
    }
  },
  "pairs": [
    "7 vs 9",
    "3 vs 5",
    "4 vs 9"
  ],
  "n_trials": 10,
  "N_S": 200,
  "pca_dims": 50
}