{
  "results": {
    "sci.space": {
      "fn_rates": [
        0.6504297994269341,
        0.648997134670487,
        0.6504297994269341,
        0.648997134670487,
        0.6275071633237823,
        0.6361031518624642,
        0.6375358166189111,
        0.6504297994269341,
        0.6260744985673352,
        0.6504297994269341
      ],
      "fp_rates": [
        0.0012806146950536258,
        0.0006403073475268129,
        0.0016007683688170323,
        0.001840883624139587,
        0.0012806146950536258,
        0.002241075716343845,
        0.0011205378581719224,
        0.0009604610212902193,
        0.0010404994397310709,
        0.0012806146950536258
      ],
      "precisions": [
        0.9384615384615385,
        0.9683794466403162,
        0.9242424242424242,
        0.914179104477612,
        0.9420289855072463,
        0.900709219858156,
        0.947565543071161,
        0.953125,
        0.9525547445255474,
        0.9384615384615385
      ],
      "acc_s_only": [
        0.6328371259317551,
        0.6371068828869341,
        0.6450012334922821,
        0.6579207379718889,
        0.6498312145370969,
        0.653549178868872,
        0.6388724943712156,
        0.6545678249003057,
        0.6542961443217198,
        0.6410115885819211
      ],
      "acc_filtered": [
        0.7285114714782235,
        0.7247001364648424,
        0.7355654859491176,
        0.7297168588728691,
        0.7599021325364037,
        0.7392834502808927,
        0.7234013783885906,
        0.7245133951016305,
        0.7360323393571475,
        0.7330613404782202
      ],
      "acc_random": [
        0.6830892892273966,
        0.6990647318013047,
        0.70993008128558,
        0.7172726392675242,
        0.7186647680253818,
        0.6985045077116688,
        0.6914504932407746,
        0.706033807056825,
        0.7078927892227125,
        0.7009237139671922
      ],
      "acc_oracle": [
        0.8949464289617742,
        0.8923404813430389,
        0.8801679423162799,
        0.8894628531457176,
        0.8963301262533999,
        0.9087827773249768,
        0.9007016853564168,
        0.8922555421276649,
        0.8889959997376877,
        0.8978324886253275
      ],
      "n_passed": [
        260.0,
        253.0,
        264.0,
        268.0,
        276.0,
        282.0,
        267.0,
        256.0,
        274.0,
        260.0
      ],
      "n_S_used": [
        200.0,
        200.0,
        200.0,
        200.0,
        200.0,
        200.0,
        200.0,
        200.0,
        200.0,
        200.0
      ]
    },
    "rec.autos": {
      "fn_rates": [
        0.6002886002886003,
        0.670995670995671,
        0.6132756132756132,
        0.6291486291486291,
        0.6161616161616161,
        0.6839826839826839,
        0.5988455988455988,
        0.5930735930735931,
        0.5945165945165944,
        0.6031746031746033
      ],
      "fp_rates": [
        0.02904232338587087,
        0.002000160012801024,
        0.02816225298023842,
        0.02728218257460597,
        0.029682374589967198,
        0.0012000960076806145,
        0.029202336186894953,
        0.027922233778702295,
        0.03232258580686455,
        0.029682374589967198
      ],
      "precisions": [
        0.4328125,
        0.9011857707509882,
        0.432258064516129,
        0.4297658862876254,
        0.4175824175824176,
        0.9358974358974359,
        0.432348367029549,
        0.4469096671949287,
        0.41021897810218977,
        0.42569659442724456
      ],
      "acc_s_only": [
        0.554995540621824,
        0.545081202165391,
        0.5486348771769716,
        0.5434910363041779,
        0.5470447113157585,
        0.5549022047995353,
        0.5517218730771092,
        0.5433043646596007,
        0.5415275271538105,
        0.5419008704429649
      ],
      "acc_filtered": [
        0.6668982777812347,
        0.6365537648905205,
        0.6489397741964478,
        0.6306113842048133,
        0.6558604525750317,
        0.6517052800420357,
        0.6786827895657465,
        0.6493131174856022,
        0.6461327857631759,
        0.6577340827854175
      ],
      "acc_random": [
        0.615508265405596,
        0.6049405761931429,
        0.638983953152331,
        0.6181285821942906,
        0.6239257738231044,
        0.6150415862941531,
        0.627012769723242,
        0.6050339120154316,
        0.595492916848153,
        0.6018535802930054
      ],
      "acc_oracle": [
        0.8560899895602154,
        0.8311209286568629,
        0.8581468345328715,
        0.8645074979777239,
        0.8746119649610409,
        0.8491658542993246,
        0.8338311243855392,
        0.8357911766535997,
        0.856179868500197,
        0.8618906380713363
      ],
      "n_passed": [
        640.0,
        253.0,
        620.0,
        598.0,
        637.0,
        234.0,
        643.0,
        631.0,
        685.0,
        646.0
      ],
      "n_S_used": [
        200.0,
        200.0,
        200.0,
        200.0,
        200.0,
        200.0,
        200.0,
        200.0,
        200.0,
        200.0
      ]
    },
    "comp.graphics": {
      "fn_rates": [
        0.6402349486049926,
        0.5991189427312775,
        0.6005873715124816,
        0.6490455212922173,
        0.5947136563876652,
        0.6270190895741556,
        0.6651982378854626,
        0.6461086637298091,
        0.6534508076358296,
        0.6475770925110131
      ],
      "fp_rates": [
        0.0010390856046678923,
        0.0028774678283110863,
        0.0029573974902086164,
        0.0021581008712333147,
        0.003996483094876509,
        0.0007193669570777716,
        0.0007193669570777716,
        0.0008792262808728319,
        0.001358804252258013,
        0.0015186635760530733
      ],
      "precisions": [
        0.9496124031007752,
        0.883495145631068,
        0.8802588996763754,
        0.8984962406015038,
        0.8466257668711656,
        0.9657794676806084,
        0.9620253164556962,
        0.9563492063492064,
        0.932806324110672,
        0.9266409266409267
      ],
      "acc_s_only": [
        0.5477587079039206,
        0.5428082191780822,
        0.5562271029517712,
        0.5524294502664616,
        0.5442408015819082,
        0.569739235513226,
        0.5560406053762397,
        0.5612708404653753,
        0.5507171214993384,
        0.5493777878832781
      ],
      "acc_filtered": [
        0.6644512628185149,
        0.6497862942165313,
        0.6795824753593271,
        0.6739792451191284,
        0.661806446173734,
        0.6770903057027382,
        0.6532109517507779,
        0.6736062499680655,
        0.6819813962281503,
        0.6681556667160587
      ],
      "acc_random": [
        0.6015274917864424,
        0.6066644780878123,
        0.6334089968474246,
        0.6232282730324505,
        0.5921266088609342,
        0.6403854112910231,
        0.6082835580671697,
        0.6119285637642875,
        0.6064185823118546,
        0.6155397188740656
      ],
      "acc_oracle": [
        0.8519336988345179,
        0.8510606091572864,
        0.8525608927357917,
        0.8581302723886508,
        0.8454573789170878,
        0.8520269476222837,
        0.8551380082058933,
        0.8467034637453823,
        0.8740074752315892,
        0.8645133435183151
      ],
      "n_passed": [
        258.0,
        309.0,
        309.0,
        266.0,
        326.0,
        263.0,
        237.0,
        252.0,
        253.0,
        259.0
      ],
      "n_S_used": [
        200.0,
        200.0,
        200.0,
        200.0,
        200.0,
        200.0,
        200.0,
        200.0,
        200.0,
        200.0
      ]
    },