{
  "results": {
    "christianity vs politics.misc": {
      "fn_rates": [
        0.8170829975825946,
        0.8186946011281224,
        0.8098307816277196,
        0.806607574536664,
        0.8235294117647058,
        0.8227236099919419,
        0.8082191780821918,
        0.8170829975825946,
        0.8090249798549557,
        0.8122481869460113
      ],
      "fp_rates": [
        0.001589825119236884,
        0.0006694000502050038,
        0.0006694000502050038,
        0.0027612752070956407,
        0.0005857250439293783,
        0.0010041000753075056,
        0.002844950213371266,
        0.0007530750564806293,
        0.0006694000502050038,
        0.0005857250439293783
      ],
      "precisions": [
        0.9227642276422764,
        0.9656652360515021,
        0.9672131147540983,
        0.8791208791208791,
        0.9690265486725663,
        0.9482758620689655,
        0.875,
        0.961864406779661,
        0.9673469387755103,
        0.9708333333333333
      ],
      "acc_s_only": [
        0.9084736477914889,
        0.8979572713643178,
        0.8697526236881559,
        0.8537005535693691,
        0.8967319225002883,
        0.8737314035290047,
        0.8599426248414255,
        0.8802690001153269,
        0.8738395225464191,
        0.8817177949486795
      ],
      "acc_filtered": [
        0.920626225348864,
        0.8996295121669935,
        0.8912683081536155,
        0.8864389920424403,
        0.8974383000807289,
        0.8945407104140237,
        0.8940938184753777,
        0.8936469265367316,
        0.8843558989735901,
        0.890785376542498
      ],
      "acc_random": [
        0.7996050051897128,
        0.8053641448506517,
        0.8070363856533271,
        0.7802444931380463,
        0.7557951793334102,
        0.7988986276092723,
        0.792433110367893,
        0.7687262138161688,
        0.7864505247376312,
        0.8070363856533271
      ],
      "acc_oracle": [
        0.9474181178641448,
        0.9306957098373889,
        0.9378676046592088,
        0.9235238150155691,
        0.9268682966209203,
        0.9354529466036212,
        0.9333338138622995,
        0.9273512282320377,
        0.9251960558182447,
        0.9383505362703264
      ],
      "n_passed": [
        246.0,
        233.0,
        244.0,
        273.0,
        226.0,
        232.0,
        272.0,
        236.0,
        245.0,
        240.0
      ]
    },
    "sci.crypt vs sci.electronics": {
      "fn_rates": [
        0.8380332610267535,
        0.8264642082429501,
        0.8387563268257412,
        0.8279103398409255,
        0.8105567606652205,
        0.8206796818510484,
        0.836587129428778,
        0.8358640636297903,
        0.8271872740419378,
        0.8452639190166304
      ],
      "fp_rates": [
        0.000423405876873571,
        0.0003387247014988568,
        0.0006774494029977136,
        0.000846811753747142,
        0.0005927682276229994,
        0.0015242611567448557,
        0.0003387247014988568,
        0.0002540435261241426,
        0.0005927682276229994,
        0.0007621305783724278
      ],
      "precisions": [
        0.9781659388646288,
        0.9836065573770492,
        0.9653679653679653,
        0.9596774193548387,
        0.9739776951672863,
        0.9323308270676691,
        0.9826086956521739,
        0.9869565217391304,
        0.9715447154471545,
        0.9596412556053812
      ],
      "acc_s_only": [
        0.875318153284255,
        0.8566854990583804,
        0.8870912514980311,
        0.8146778519659875,
        0.8466757975232552,
        0.8617930719625635,
        0.8179877874793129,
        0.8464817668207498,
        0.8601095702790618,
        0.8399646179307196
      ],
      "acc_filtered": [
        0.8837356617017634,
        0.8634537465045939,
        0.8955087599155396,
        0.8484163670604348,
        0.8534212178279974,
        0.8820407464475262,
        0.8281230382925298,
        0.8633852650801803,
        0.8820293328767905,
        0.8652627974661873
      ],
      "acc_random": [
        0.8362437938709125,
        0.7972835701649261,
        0.8174741767962107,
        0.8242994920961022,
        0.8530217428522513,
        0.8480168920846887,
        0.7619528619528619,
        0.7701877532386008,
        0.8293956514295497,
        0.8547280716772242
      ],
      "acc_oracle": [
        0.9073731666952006,
        0.9208183530217429,
        0.9073731666952006,
        0.8955658277692176,
        0.9106716886377904,
        0.9174056953717971,
        0.876990241397021,
        0.9106716886377904,
        0.9190663699138275,
        0.9174285225132683
      ],
      "n_passed": [
        229.0,
        244.0,
        231.0,
        248.0,
        269.0,
        266.0,
        230.0,
        230.0,
        246.0,
        223.0
      ]
    },
    "rec.autos vs rec.motorcycles": {
      "fn_rates": [
        0.8366906474820144,
        0.8122302158273381,
        0.837410071942446,
        0.7906474820143885,
        0.8165467625899281,
        0.839568345323741,
        0.8223021582733813,
        0.8323741007194245,
        0.7956834532374101,
        0.8309352517985611
      ],
      "fp_rates": [
        0.000762582613116421,
        0.001525165226232842,
        0.0005083884087442806,
        0.027452974072191154,
        0.002541942043721403,
        0.0001694628029147602,
        0.0020335536349771225,
        0.0008473140145738011,
        0.029571259108625656,
        0.0009320454160311811
      ],
      "precisions": [
        0.961864406779661,
        0.9354838709677419,
        0.9741379310344828,
        0.47317073170731705,
        0.8947368421052632,
        0.9911111111111112,
        0.9114391143911439,
        0.9588477366255144,
        0.4486571879936809,
        0.9552845528455285
      ],
      "acc_s_only": [
        0.8187673839847753,
        0.8186322534148621,
        0.7955474477213608,
        0.7751877751877752,
        0.837195815456685,
        0.8135029221985743,
        0.7750639054986881,
        0.8071292636510028,
        0.7834251095120661,
        0.7586905847775414
      ],
      "acc_filtered": [
        0.8153778588561198,
        0.7883742666351362,
        0.8005303874869092,
        0.7333029289551029,
        0.8454894541851063,
        0.8050854137810659,
        0.7833575442271095,
        0.8085199824330259,
        0.6863900994335776,
        0.7786899091246917
      ],
      "acc_random": [
        0.7831998918955441,
        0.7581725842595408,
        0.7784646915081698,
        0.7075661858270554,
        0.7798554102901929,
        0.7696980957850523,
        0.7851649155996983,
        0.761629674673153,
        0.6993063297411124,
        0.7364784973480626
      ],
      "acc_oracle": [
        0.8641093206310597,
        0.8270948053556749,
        0.8557931601409863,
        0.8256365212886951,
        0.8776561602648559,
        0.8505399592356113,
        0.8505512201164375,
        0.8756911365607019,
        0.8606071866941432,
        0.8340089861828992
      ],
      "n_passed": [
        236.0,
        279.0,
        232.0,
        615.0,
        285.0,
        225.0,
        271.0,
        243.0,
        633.0,
        246.0
      ]
    },
    "ibm.pc vs mac": {
      "fn_rates": [
        0.8214548126377663,
        0.7994121969140338,
        0.8163115356355621,
        0.7913299044819986,
        0.8177810433504775,
        0.7994121969140338,
        0.8067597354886114,
        0.7986774430565761,
        0.8192505510653931,
        0.7972079353416606
      ],
      "fp_rates": [
        0.0016059504691065844,
        0.0027047586848110896,
        0.0011833319246048516,
        0.003380948356013862,
        0.0016059504691065844,
        0.0036345194827149016,
        0.0013523793424055448,
        0.0017749978869072774,
        0.0017749978869072774,
        0.002366663849209703
      ],