{
  "N_S_values": [
    20,
    50,
    100,
    200,
    400
  ],
  "pair": "sci.crypt vs sci.electronics",
  "n_trials": 10,
  "fn_mean": [
    0.9700650759219087,
    0.9553145336225597,
    0.9084598698481562,
    0.8182212581344903,
    0.6543022415039769
  ],
  "fn_std": [
    0.013708534289115334,
    0.0077256459228882525,
    0.01318361332544596,
    0.01244093490325559,
    0.013232104121475066
  ],
  "fp_mean": [
    0.01461597086967567,
    0.003277161487001439,
    0.0035227368955881113,
    0.004640528410534339,
    0.002210178677280041
  ],
  "fp_std": [
    0.014607058476027175,
    0.008573737959876034,
    0.008470420552274184,
    0.008686637731432509,
    0.000984234260029326
  ],
  "prec_mean": [
    0.5700855475316555,
    0.8596341917106969,
    0.8798040040507982,
    0.8767092422684495,
    0.9492493818132243
  ],
  "acc_s_mean": [
    0.721833019460138,
    0.7979632483022314,
    0.8211008388974491,
    0.8473999885864292,
    0.8741191576784797
  ],
  "acc_s_std": [
    0.06408940759408843,
    0.024083293965058452,
    0.021059116585201373,
    0.022345424170093834,
    0.013191975066266336
  ],
  "acc_f_mean": [
    0.6460982708440335,
    0.7819768304514068,
    0.8173092506990812,
    0.854435313587856,
    0.8872698738800435
  ],
  "acc_f_std": [
    0.09277305324562861,
    0.08464257946788492,
    0.052928289073042686,
    0.03597834641320205,
    0.013887437287630176
  ],
  "acc_r_mean": [
    0.6256040632311819,
    0.7103857786908635,
    0.7603743651201278,
    0.7914546595902529,
    0.8369599954345717
  ],
  "acc_r_std": [
    0.07438293091681987,
    0.0489555807901494,
    0.041032964661267386,
    0.030462863505786805,
    0.0162754461668956
  ]
}