{
  "N_S_values": [
    20,
    50,
    100,
    200,
    400
  ],
  "pair": "baseball vs hockey",
  "n_trials": 10,
  "fn_mean": [
    0.9686021505376345,
    0.9407885304659498,
    0.8960573476702509,
    0.8031541218637994,
    0.613405017921147
  ],
  "fn_std": [
    0.019097721353802683,
    0.01469516566029392,
    0.01622670545309926,
    0.017722773041108603,
    0.017412273440037592
  ],
  "fp_mean": [
    0.011401203695854878,
    0.008663219462575231,
    0.006196490633211834,
    0.003441552937187421,
    0.004051877595998982
  ],
  "fp_std": [
    0.01397073599756665,
    0.01292104134094441,
    0.011641453534234842,
    0.00877562391902607,
    0.008424676993724041
  ],
  "prec_mean": [
    0.6739677668476396,
    0.7524882617545636,
    0.8448832486768,
    0.9286473707297397,
    0.9385344921916335
  ],
  "acc_s_mean": [
    0.6711554809843401,
    0.7336040268456376,
    0.7961375838926175,
    0.8367404921700224,
    0.871910514541387
  ],
  "acc_s_std": [
    0.0372856861091645,
    0.04284233320637906,
    0.017076799922007474,
    0.01879548358100709,
    0.01276252119526676
  ],
  "acc_f_mean": [
    0.6791387024608502,
    0.7545536912751678,
    0.8091129753914987,
    0.8529541387024608,
    0.884413870246085
  ],
  "acc_f_std": [
    0.03429858495985492,
    0.04183712006529211,
    0.014283900893405112,
    0.018404899708182886,
    0.012782294967913124
  ],
  "acc_r_mean": [
    0.6479630872483222,
    0.7254093959731543,
    0.7766823266219239,
    0.8236935123042505,
    0.8630246085011185
  ],
  "acc_r_std": [
    0.03385037475371248,
    0.029920756931753553,
    0.02080046801862047,
    0.02081516199252793,
    0.010567774474967422
  ]
}