{
  "N_S_values": [
    20,
    50,
    100,
    200,
    400
  ],
  "target": "sci.space",
  "n_trials": 10,
  "fn_mean": [
    0.9535816618911174,
    0.9055873925501432,
    0.8214899713467048,
    0.6458452722063036,
    0.3356733524355301
  ],
  "fn_std": [
    0.01102686613460964,
    0.00974738607058684,
    0.009333236375302204,
    0.010831551960708187,
    0.012621280509591397
  ],
  "fp_mean": [
    0.014935168881062912,
    0.009388506483111892,
    0.0038498479270049624,
    0.0012405954858332,
    0.0029214022730910836
  ],
  "fp_std": [
    0.014876995563750243,
    0.013335085096991273,
    0.009083105178244212,
    0.0004005920844002625,
    0.00044166414795330215
  ],
  "prec_mean": [
    0.5341061332124171,
    0.6730456576288377,
    0.8581997945698575,
    0.9414639133949855,
    0.9271468649102568
  ],
  "acc_s_mean": [
    0.5,
    0.5101064550680918,
    0.5741830377636004,
    0.6435929600379728,
    0.7045296334810401
  ],
  "acc_s_std": [
    0.0,
    0.009093072891592916,
    0.01180395562057894,
    0.0104028283302012,
    0.011904133906675449
  ],
  "acc_f_mean": [
    0.5044891624431267,
    0.5743802091628178,
    0.6698778061949417,
    0.7375577165091232,
    0.7751016928510535
  ],
  "acc_f_std": [
    0.014863243137726032,
    0.0397816270975444,
    0.031185956617628366,
    0.00980918194579015,
    0.01578688979125933
  ],
  "acc_r_mean": [
    0.5032604479919057,
    0.5433339891140403,
    0.6307548972766364,
    0.7055219546012385,
    0.7631481221251042
  ],
  "acc_r_std": [
    0.003790450599277201,
    0.0271448357226139,
    0.022337515392808285,
    0.011186217002831926,
    0.0114555112354041
  ]
}