{
  "results": {
    "baseball vs hockey": {
      "fn_rates": [
        0.810752688172043,
        0.7763440860215054,
        0.8086021505376344,
        0.7792114695340502,
        0.7878136200716845,
        0.8229390681003584,
        0.817921146953405,
        0.8093189964157705,
        0.8265232974910395,
        0.8114695340501792
      ],
      "fp_rates": [
        8.47673137238281e-05,
        0.028142748156310928,
        0.0006781385097906248,
        0.028227515470034756,
        0.02932949054844452,
        0.0007629058235144528,
        8.47673137238281e-05,
        0.0008476731372382809,
        0.0001695346274476562,
        0.0005933711960667967
      ],
      "precisions": [
        0.9962264150943396,
        0.484472049689441,
        0.9709090909090909,
        0.48049921996879874,
        0.46105919003115264,
        0.96484375,
        0.996078431372549,
        0.9637681159420289,
        0.9918032786885246,
        0.9740740740740741
      ],
      "acc_s_only": [
        0.8596308724832215,
        0.8160402684563759,
        0.8597091722595078,
        0.8429977628635347,
        0.8277852348993289,
        0.792606263982103,
        0.8644742729306487,
        0.8697986577181208,
        0.8647874720357942,
        0.8475950782997763
      ],
      "acc_filtered": [
        0.8830201342281879,
        0.8529865771812081,
        0.8630760626398211,
        0.8428187919463087,
        0.8327069351230425,
        0.7908501118568232,
        0.8812751677852348,
        0.874765100671141,
        0.8714765100671141,
        0.8492953020134228
      ],
      "acc_random": [
        0.8427069351230425,
        0.8194295302013423,
        0.8595637583892617,
        0.8579082774049217,
        0.7939597315436242,
        0.802606263982103,
        0.8610514541387024,
        0.8361744966442952,
        0.8462080536912752,
        0.8409284116331096
      ],
      "acc_oracle": [
        0.9048322147651007,
        0.9115324384787471,
        0.9182326621923937,
        0.8914988814317674,
        0.9148434004474273,
        0.8931543624161074,
        0.9015436241610738,
        0.9064541387024609,
        0.9049217002237137,
        0.9097874720357941
      ],
      "n_passed": [
        265.0,
        644.0,
        275.0,
        641.0,
        642.0,
        256.0,
        255.0,
        276.0,
        244.0,
        270.0
      ]
    },
    "ibm.pc vs mac": {
      "fn_rates": [
        0.8060249816311535,
        0.8199853049228508,
        0.8141072740631888,
        0.8096987509184423,
        0.8229243203526818,
        0.8221895664952241,
        0.804555473916238,
        0.7964731814842028,
        0.8141072740631888,
        0.8185157972079353
      ],
      "fp_rates": [
        0.0014369030513058914,
        0.0013523793424055448,
        0.001859521595807624,
        0.002028569013608317,
        0.0010988082157045052,
        0.0010988082157045052,
        0.0021976164314090104,
        0.002789282393711436,
        0.0007607133801031189,
        0.0012678556335051982
      ],
      "precisions": [
        0.9395017793594306,
        0.9386973180076629,
        0.92,
        0.9151943462897526,
        0.9488188976377953,
        0.9490196078431372,
        0.910958904109589,
        0.8935483870967742,
        0.9656488549618321,
        0.9427480916030534
      ],
      "acc_s_only": [
        0.8002873731745939,
        0.8003929388305671,
        0.7898715617852325,
        0.7910386487596035,
        0.7643070787637088,
        0.7632866107559674,
        0.7948155533399801,
        0.8033956952671397,
        0.7949563075479444,
        0.7539264559263386
      ],
      "acc_filtered": [
        0.7981350067444725,
        0.7970734854260748,
        0.7656501084980353,
        0.7839422907747347,
        0.7692158817664654,
        0.7783297167321565,
        0.8085156295818428,
        0.8187554982112486,
        0.8085156295818428,
        0.7762770511993431
      ],
      "acc_random": [
        0.782915958008328,
        0.7830215236643012,
        0.7324966277637674,
        0.7501495513459621,
        0.7829863351123101,
        0.775819600023459,
        0.7929446953257874,
        0.768688053486599,
        0.7688991847985456,
        0.7738431763532931
      ],
      "acc_oracle": [
        0.8461204621429828,
        0.8700252184622603,
        0.8530760659198874,
        0.8273004515864173,
        0.8579848689226438,
        0.8685062459679784,
        0.86321036889332,
        0.8596797841768811,
        0.8679784176881122,
        0.8409653392762888
      ],
      "n_passed": [
        281.0,
        261.0,
        275.0,
        283.0,
        254.0,
        255.0,
        292.0,
        310.0,
        262.0,
        262.0
      ]
    },
    "space vs electronics": {
      "fn_rates": [
        0.8405797101449275,
        0.844927536231884,
        0.8420289855072464,
        0.8210144927536231,
        0.8311594202898551,
        0.827536231884058,
        0.836231884057971,
        0.8101449275362319,
        0.8405797101449275,
        0.8289855072463768
      ],
      "fp_rates": [
        0.00042329834067050457,
        0.0003386386725364037,
        0.0007619370132069082,
        0.0023704707077548256,
        0.0013545546901456147,
        0.0009312563494751101,
        0.0008465966813410091,
        0.0008465966813410091,
        0.0008465966813410091,
        0.0019471723670843211
      ],
      "precisions": [
        0.9777777777777777,
        0.981651376146789,
        0.960352422907489,
        0.8981818181818182,
        0.9357429718875502,
        0.9558232931726908,
        0.9576271186440678,
        0.9632352941176471,
        0.9565217391304348,
        0.9111969111969112
      ],
      "acc_s_only": [
        0.8478699038021071,
        0.8393724232707284,
        0.8427164452588181,
        0.8259104443426477,
        0.8562986715529088,
        0.8831882730187814,
        0.8646300961978928,
        0.8191880439761796,
        0.8629924415941366,
        0.8731562070545121
      ],
      "acc_filtered": [
        0.8495648190563445,
        0.839349519010536,
        0.857924874026569,
        0.8259047182775996,
        0.8478756298671553,
        0.883216903344022,
        0.866376546037563,
        0.8445487860742098,
        0.8680600091617041,
        0.8782180485570317
      ],
      "acc_random": [
        0.8004008245533669,
        0.8274393037104901,
        0.854512139257902,
        0.8459745762711864,
        0.8205737517178195,
        0.8393151626202473,
        0.8442739349519011,
        0.829162849289968,
        0.8391949152542373,
        0.8713639486944571
      ],
      "acc_oracle": [
        0.9070316078790654,
        0.9053252404947321,
        0.8917888227210261,
        0.896873568483738,
        0.9036360513055428,
        0.9086921667430141,
        0.9002691250572606,
        0.9087322491983509,
        0.9238891433806689,
        0.9273018781493358
      ],
      "n_passed": [
        225.0,
        218.0,
        227.0,
        275.0,
        249.0,
        249.0,
        236.0,
        272.0,
        230.0,
        259.0
      ]
    },
    "guns vs mideast": {
      "fn_rates": [
        0.8100386100386101,
        0.8084942084942085,
        0.8084942084942085,
        0.8046332046332046,
        0.813899613899614,
        0.8007722007722008,
        0.8100386100386101,
        0.8223938223938224,
        0.8038610038610039,
        0.8239382239382239
      ],
      "fp_rates": [
        0.0027738085231570984,
        0.0009246028410523662,
        0.0010086576447843995,
        0.0008405480373203329,
        0.0008405480373203329,
        0.0015970412709086323,
        0.0008405480373203329,
        0.0007564932335882995,
        0.001765150878372699,
        0.001176767252248466
      ],