{
  "gamma_values": [
    0.02,
    0.05,
    0.1,
    0.2,
    0.3,
    0.5,
    0.8,
    1.5
  ],
  "d": 10,
  "N_S": 30,
  "N_B": 500000,
  "p": 0.01,
  "R": 3.0,
  "n_trials": 15,
  "tv_mean": [
    0.28543787235454565,
    0.10617369321672386,
    0.047128904748512265,
    0.0031153945848347692,
    0.00012024002066361265,
    1.3465293206760265e-05,
    2.661875291142627e-05,
    0.0
  ],
  "tv_std": [
    0.15934613557843924,
    0.09239943631379266,
    0.06735142119580459,
    0.008340659462916278,
    0.0002273080406261607,
    5.038251379215151e-05,
    9.959825345774849e-05,
    0.0
  ],
  "fn_mean": [
    0.03967021967297787,
    0.018206338113311658,
    0.020018226966309557,
    0.0023478118334434657,
    0.00012024002066361265,
    1.3465293206760265e-05,
    2.661875291142627e-05,
    0.0
  ],
  "acc_s_mean": [
    0.8611333333333332,
    0.8590266666666666,
    0.8666133333333333,
    0.8543466666666668,
    0.8690933333333333,
    0.8709333333333333,
    0.85996,
    0.8783466666666668
  ],
  "acc_s_std": [
    0.025451932910662965,
    0.02159393330441574,
    0.029488390182503262,
    0.012209824823568192,
    0.0272470051361409,
    0.025646693527409913,
    0.022201165134589966,
    0.0279129567684177
  ],
  "acc_f_mean": [
    0.9929066666666666,
    0.9928133333333334,
    0.9923066666666667,
    0.99272,
    0.9926800000000001,
    0.9929333333333332,
    0.99224,
    0.9923066666666667
  ],
  "acc_f_std": [
    0.001940263441448663,
    0.0015671063212884535,
    0.0014730769007609838,
    0.0023435585477360435,
    0.0014418506626323376,
    0.000905293077160957,
    0.001105621996886818,
    0.0010654993612803868
  ]
}