{
  "N_S_values": [
    50,
    100,
    200,
    500,
    1000,
    2000,
    5000
  ],
  "d": 20,
  "N_B": 500000,
  "p": 0.01,
  "gamma": 0.5,
  "R": 3.0,
  "n_trials": 10,
  "tv_mean": [
    0.253195154377324,
    0.18611233742436592,
    0.1293007571872159,
    0.09043509866668462,
    0.06296026463789535,
    0.04410210315493933,
    0.03353432606422591
  ],
  "tv_std": [
    0.0368179145135027,
    0.03667338476015615,
    0.015908533589254443,
    0.011121663229862628,
    0.00943226020228199,
    0.007066906878652842,
    0.004115330596919337
  ],
  "fp_mean": [
    1.6159690057144706e-06,
    0.0,
    0.0,
    0.0,
    0.0,
    0.0,
    0.0
  ],
  "fn_mean": [
    0.0007686651617854646,
    0.0,
    0.0,
    0.0,
    0.0,
    0.0,
    0.0
  ],
  "acc_s_mean": [
    0.8172600000000001,
    0.87522,
    0.93134,
    0.96492,
    0.97686,
    0.9868399999999999,
    0.9930399999999999
  ],
  "acc_s_std": [
    0.041248519973448736,
    0.03048992620522393,
    0.010341005753793958,
    0.0033837257572090604,
    0.004798374724841747,
    0.003032886413962778,
    0.0011306635220082086
  ],
  "acc_f_mean": [
    0.99196,
    0.9926,
    0.99308,
    0.99328,
    0.99362,
    0.9940599999999999,
    0.9958199999999999
  ],
  "acc_f_std": [
    0.0015844241856270763,
    0.0014198591479439124,
    0.002247131504830108,
    0.0021376622745419823,
    0.0015860643114325493,
    0.0011867602959317216,
    0.0008599999999999962
  ]
}