{
  "d_values": [
    2,
    5,
    10,
    20,
    50,
    100,
    200,
    500,
    1000
  ],
  "N_S": 1000,
  "N_B": 500000,
  "p": 0.01,
  "gamma": 0.5,
  "R": 3.0,
  "n_trials": 10,
  "tv_mean": [
    0.0,
    0.0,
    0.0,
    0.0,
    0.0,
    0.0,
    0.0,
    0.004548043870470321,
    0.19905903084597812
  ],
  "tv_std": [
    0.0,
    0.0,
    0.0,
    0.0,
    0.0,
    0.0,
    0.0,
    0.0023715739623146053,
    0.026943959362391624
  ],
  "fp_mean": [
    0.0,
    0.0,
    0.0,
    0.0,
    0.0,
    0.0,
    0.0,
    4.039926630176128e-07,
    0.00016867679879757248
  ],
  "fn_mean": [
    0.0,
    0.0,
    0.0,
    0.0,
    0.0,
    0.0,
    0.0,
    0.004507644604168559,
    0.18219135096622086
  ],
  "acc_s_mean": [
    0.99286,
    0.98658,
    0.98026,
    0.96372,
    0.9419599999999999,
    0.90954,
    0.87806,
    0.84862,
    0.8425
  ],
  "acc_s_std": [
    0.0033130650461468503,
    0.005144667141808098,
    0.0038231400706749043,
    0.0046511933952481585,
    0.006781622224807284,
    0.00938809884907483,
    0.0055678002837745615,
    0.006098819557914457,
    0.0042428763828327555
  ],
  "acc_f_mean": [
    0.9979199999999999,
    0.99606,
    0.99362,
    0.9891,
    0.9825799999999999,
    0.9694800000000001,
    0.9538,
    0.91966,
    0.87546
  ],
  "acc_f_std": [
    0.000872696969170849,
    0.0016638509548634489,
    0.0015085091978506518,
    0.0020557237168452305,
    0.0013128594745821021,
    0.0027249954128401753,
    0.0023545700244418234,
    0.00522536123153221,
    0.006525059386702937
  ]
}