{
  "d_values": [
    2,
    5,
    10,
    20,
    50,
    100,
    200,
    500,
    1000
  ],
  "N_S": 1000,
  "N_B": 500000,
  "p": 0.01,
  "gamma": 0.5,
  "R": 3.0,
  "n_trials": 10,
  "tv_mean": [
    0.0,
    0.0,
    0.0,
    0.0,
    0.0,
    0.0,
    0.0,
    0.004019282451017114,
    0.19464110942795593
  ],
  "tv_std": [
    0.0,
    0.0,
    0.0,
    0.0,
    0.0,
    0.0,
    0.0,
    0.002431120513133423,
    0.02666992447001737
  ],
  "fp_mean": [
    0.0,
    0.0,
    0.0,
    0.0,
    0.0,
    0.0,
    0.0,
    0.0,
    0.00016847481010529152
  ],
  "fn_mean": [
    0.0,
    0.0,
    0.0,
    0.0,
    0.0,
    0.0,
    0.0,
    0.004019282451017114,
    0.17779362841742677
  ],
  "acc_s_mean": [
    0.99468,
    0.99024,
    0.9853799999999999,
    0.97686,
    0.95594,
    0.9258799999999999,
    0.8875,
    0.8035200000000001,
    0.72942
  ],
  "acc_s_std": [
    0.0022719154913860696,
    0.00449426300966021,
    0.002022770377477372,
    0.0059840120320734675,
    0.005027166199759088,
    0.004866374420448962,
    0.002888944443910274,
    0.012441929110873435,
    0.009597687221409119
  ],
  "acc_f_mean": [
    0.99886,
    0.99748,
    0.9957800000000001,
    0.9926600000000001,
    0.9877600000000001,
    0.98018,
    0.9665399999999998,
    0.9384600000000001,
    0.88522
  ],
  "acc_f_std": [
    0.0007213875518748496,
    0.0007807688518377218,
    0.001334016491652191,
    0.002068912757947992,
    0.0012611106216347454,
    0.002004894012161246,
    0.0024017493624439775,
    0.003768341810398828,
    0.005476093498106124
  ]
}