{
  "gamma_values": [
    0.02,
    0.05,
    0.1,
    0.2,
    0.3,
    0.5,
    0.8,
    1.5
  ],
  "d": 10,
  "N_S": 30,
  "N_B": 500000,
  "p": 0.01,
  "R": 3.0,
  "n_trials": 15,
  "tv_mean": [
    0.18683242255223417,
    0.04059322046491729,
    0.04828691504927614,
    0.0016476219176593877,
    6.610385486004826e-05,
    0.0,
    0.0,
    0.0
  ],
  "tv_std": [
    0.10587075243462267,
    0.0344115706833759,
    0.09751748168011805,
    0.005371815824818512,
    0.00019884425328486413,
    0.0,
    0.0,
    0.0
  ],
  "fn_mean": [
    0.03548521234329971,
    0.01239312691414581,
    0.021149371297902196,
    0.0014052283334921331,
    6.610385486004826e-05,
    0.0,
    0.0,
    0.0
  ],
  "acc_s_mean": [
    0.8179066666666667,
    0.8355866666666667,
    0.8189866666666669,
    0.8154533333333335,
    0.8230666666666667,
    0.81436,
    0.8321200000000001,
    0.8395333333333334
  ],
  "acc_s_std": [
    0.06720019312141563,
    0.04549352872173751,
    0.05347370527236311,
    0.04786099130700167,
    0.08504570274596802,
    0.03358834718569323,
    0.046027864024595654,
    0.037168564973943
  ],
  "acc_f_mean": [
    0.9954533333333334,
    0.9950266666666667,
    0.9957466666666668,
    0.9948133333333333,
    0.9954533333333334,
    0.9956266666666667,
    0.9954933333333333,
    0.9950800000000001
  ],
  "acc_f_std": [
    0.001101433409496723,
    0.0015997777623435348,
    0.0014393825836872612,
    0.001422611057957235,
    0.001484976617848096,
    0.001645789239915679,
    0.0014026007589078543,
    0.0012496399481450571
  ]
}