{
  "N_S_values": [
    50,
    100,
    200,
    500,
    1000,
    2000,
    5000
  ],
  "d": 20,
  "N_B": 500000,
  "p": 0.01,
  "gamma": 0.5,
  "R": 3.0,
  "n_trials": 10,
  "tv_mean": [
    0.2531565014056556,
    0.18386458360410862,
    0.1298403711467408,
    0.091378697505234,
    0.062385627586939905,
    0.04491130313271909,
    0.032590055855432225
  ],
  "tv_std": [
    0.03683026824791575,
    0.0357802390958557,
    0.018300278828213428,
    0.012025464021756901,
    0.009127110883389545,
    0.007493639502846912,
    0.004446930906250167
  ],
  "fp_mean": [
    1.4139728800001616e-06,
    0.0,
    0.0,
    0.0,
    0.0,
    0.0,
    0.0
  ],
  "fn_mean": [
    0.000747444191493285,
    0.0,
    0.0,
    0.0,
    0.0,
    0.0,
    0.0
  ],
  "acc_s_mean": [
    0.8633200000000001,
    0.87926,
    0.9124399999999999,
    0.9445399999999999,
    0.9633200000000001,
    0.97966,
    0.9879999999999999
  ],
  "acc_s_std": [
    0.015744764209095055,
    0.01009714811221463,
    0.015386435584631033,
    0.006923034016961078,
    0.006754080248264759,
    0.004313745472324495,
    0.001934941859591634
  ],
  "acc_f_mean": [
    0.98888,
    0.9907199999999999,
    0.98906,
    0.98962,
    0.9898,
    0.99108,
    0.9925599999999999
  ],
  "acc_f_std": [
    0.0012302845199383685,
    0.0013658696863171108,
    0.001402996792583642,
    0.0008600000000000015,
    0.00249158584038359,
    0.0019041008376658882,
    0.0017453939383417069
  ],
  "acc_r_mean": [
    0.8414400000000001,
    0.8438000000000001,
    0.84378,
    0.84338,
    0.83866,
    0.8417199999999999,
    0.8488999999999999
  ],
  "acc_r_std": [
    0.005910532970891884,
    0.0033250563904992647,
    0.005469515517849815,
    0.004501066540276866,
    0.005597177860314954,
    0.0037085846356797536,
    0.004861481255749102
  ]
}