{
  "N_B_values": [
    10000,
    50000,
    100000,
    200000,
    500000,
    1000000,
    2000000
  ],
  "d": 50,
  "N_S": 200,
  "p": 0.01,
  "gamma": 0.1,
  "R": 3.0,
  "n_trials": 10,
  "tv_mean": [
    0.25252818174716946,
    0.15958157651121999,
    0.14660056442759709,
    0.13303559762755301,
    0.12464403923155043,
    0.11375183410719929,
    0.10101058821197959
  ],
  "tv_std": [
    0.043157500194867096,
    0.028357807672373884,
    0.016433515383936906,
    0.015247490411918816,
    0.017673299345996575,
    0.010566065603167063,
    0.019177177351175616
  ],
  "acc_s_mean": [
    0.86358,
    0.8676,
    0.86664,
    0.86832,
    0.8789,
    0.87302,
    0.86222
  ],
  "acc_s_std": [
    0.010900807309552812,
    0.013272528018429664,
    0.013052448046247866,
    0.01611985111593777,
    0.01153646392964498,
    0.012582034811587504,
    0.012758197364831785
  ],
  "acc_f_mean": [
    0.87926,
    0.9254199999999999,
    0.9422799999999999,
    0.9625400000000001,
    0.9802200000000001,
    0.98608,
    0.9875400000000001
  ],
  "acc_f_std": [
    0.009854562395154826,
    0.007746715433007713,
    0.005112494498774552,
    0.0033227097375485397,
    0.0023990831582085706,
    0.004279439215598233,
    0.0047699475888105854
  ],
  "acc_r_mean": [
    0.8595400000000002,
    0.8432599999999999,
    0.84642,
    0.84292,
    0.8411,
    0.84052,
    0.8394600000000001
  ],
  "acc_r_std": [
    0.010704036621760974,
    0.0037449165544775516,
    0.00599429728992483,
    0.003187726462543475,
    0.006941613645255693,
    0.0041734398282472,
    0.005697753943441235
  ]
}