{
  "N_S_values": [
    50,
    100,
    200,
    500,
    1000,
    2000,
    5000
  ],
  "d": 20,
  "N_B": 500000,
  "p": 0.01,
  "gamma": 0.5,
  "R": 3.0,
  "n_trials": 10,
  "tv_mean": [
    0.25311425731122394,
    0.18386458360410862,
    0.1298403711467408,
    0.091378697505234,
    0.062385627586939905,
    0.04491130313271909,
    0.032590055855432225
  ],
  "tv_std": [
    0.03683210657183215,
    0.0357802390958557,
    0.018300278828213428,
    0.012025464021756901,
    0.009127110883389545,
    0.007493639502846912,
    0.004446930906250167
  ],
  "fp_mean": [
    1.4139728800001616e-06,
    0.0,
    0.0,
    0.0,
    0.0,
    0.0,
    0.0
  ],
  "fn_mean": [
    0.0005451998972123562,
    0.0,
    0.0,
    0.0,
    0.0,
    0.0,
    0.0
  ],
  "acc_s_mean": [
    0.86226,
    0.8774999999999998,
    0.90908,
    0.94424,
    0.96294,
    0.9797199999999998,
    0.98672
  ],
  "acc_s_std": [
    0.01943441277733907,
    0.014824101996411114,
    0.019648552109506688,
    0.005648929102051105,
    0.0058234354121944115,
    0.00285685141370707,
    0.0020769207977195366
  ],
  "acc_f_mean": [
    0.9887599999999999,
    0.9900400000000001,
    0.9893600000000001,
    0.9895400000000001,
    0.9897799999999999,
    0.99102,
    0.99222
  ],
  "acc_f_std": [
    0.0015460918472070026,
    0.002192350336967165,
    0.0018304097901835968,
    0.0014228141129465988,
    0.0019584687896415523,
    0.0015031965939291045,
    0.0012180311982867879
  ]
}