{
  "d_values": [
    2,
    5,
    10,
    20,
    50,
    100,
    200,
    500,
    1000
  ],
  "N_S": 1000,
  "N_B": 500000,
  "p": 0.01,
  "gamma": 0.5,
  "R": 3.0,
  "n_trials": 10,
  "tv_mean": [
    0.0,
    0.0,
    0.0,
    0.0,
    0.0,
    0.0,
    0.0,
    0.004242054501611967,
    0.19553228293934122
  ],
  "tv_std": [
    0.0,
    0.0,
    0.0,
    0.0,
    0.0,
    0.0,
    0.0,
    0.0023318363606577045,
    0.02731280492938313
  ],
  "fp_mean": [
    0.0,
    0.0,
    0.0,
    0.0,
    0.0,
    0.0,
    0.0,
    2.019773583381303e-07,
    0.00016887895209657423
  ],
  "fn_mean": [
    0.0,
    0.0,
    0.0,
    0.0,
    0.0,
    0.0,
    0.0,
    0.004221856765778154,
    0.17864438772968377
  ],
  "acc_s_mean": [
    0.99272,
    0.9851599999999999,
    0.9803799999999999,
    0.9651399999999999,
    0.94054,
    0.9071000000000001,
    0.8792,
    0.84528,
    0.8439
  ],
  "acc_s_std": [
    0.0034516083207687394,
    0.005120781190404437,
    0.004141931916388796,
    0.004932382791308885,
    0.005878128954012499,
    0.006223343153000649,
    0.008531822782969649,
    0.0045564898770874265,
    0.007107882947826301
  ],
  "acc_f_mean": [
    0.9979199999999999,
    0.9955999999999999,
    0.9941799999999998,
    0.98994,
    0.98184,
    0.9700400000000002,
    0.95192,
    0.91874,
    0.8778600000000001
  ],
  "acc_f_std": [
    0.0008997777503361604,
    0.0018931455305918785,
    0.0017468829382646016,
    0.0013683566786477938,
    0.0017749366185867063,
    0.003057842376578613,
    0.002583331182794804,
    0.004207659682056031,
    0.005588595530184676
  ],
  "acc_r_mean": [
    0.83712,
    0.84374,
    0.8438800000000001,
    0.84002,
    0.8414399999999999,
    0.8402800000000001,
    0.8430800000000002,
    0.83736,
    0.83736
  ],
  "acc_r_std": [
    0.005959328821268378,
    0.004546691104528673,
    0.007778534566356293,
    0.005331753932806724,
    0.003936292672045609,
    0.002803141095271522,
    0.004535372090578671,
    0.0040504814528645955,
    0.007756700329392666
  ]
}