{
  "N_B_values": [
    10000,
    50000,
    100000,
    200000,
    500000,
    1000000,
    2000000
  ],
  "d": 20,
  "N_S": 1000,
  "p": 0.01,
  "gamma": 0.5,
  "R": 3.0,
  "n_trials": 10,
  "tv_mean": [
    0.18999939188344053,
    0.10323066444651059,
    0.08245813986843688,
    0.07034261152113326,
    0.0634723596489456,
    0.05819661943835127,
    0.05212762290481092
  ],
  "tv_std": [
    0.03164391222026873,
    0.01444587700689814,
    0.00959361693251066,
    0.0109768000869657,
    0.00698821970319146,
    0.009285569547446745,
    0.0069046646250983355
  ],
  "acc_s_mean": [
    0.96478,
    0.9699799999999998,
    0.9648599999999998,
    0.96722,
    0.96822,
    0.9643799999999999,
    0.9668599999999999
  ],
  "acc_s_std": [
    0.005626686413867411,
    0.004313189075382625,
    0.0031648696655628716,
    0.004643662347759585,
    0.006667203311734252,
    0.005197268513363541,
    0.00637999999999999
  ],
  "acc_f_mean": [
    0.96696,
    0.9777000000000001,
    0.9792799999999999,
    0.98338,
    0.9907199999999999,
    0.9933400000000001,
    0.9962199999999999
  ],
  "acc_f_std": [
    0.004574538228061931,
    0.0029816103031751326,
    0.002762897030292657,
    0.003435636767762276,
    0.0018004443895882974,
    0.0010734989520255638,
    0.0010215674231297729
  ]
}