{
  "gamma_values": [
    0.02,
    0.05,
    0.1,
    0.2,
    0.3,
    0.5,
    0.8,
    1.5
  ],
  "d": 10,
  "N_S": 30,
  "N_B": 500000,
  "p": 0.01,
  "R": 3.0,
  "n_trials": 15,
  "tv_mean": [
    0.20809221036545578,
    0.04430622283555342,
    0.04519422648206888,
    0.0019044466102607978,
    6.610385486004826e-05,
    0.0,
    1.3309376455709436e-05,
    0.0
  ],
  "tv_std": [
    0.12247224668401249,
    0.03807723466271803,
    0.09190341682893102,
    0.006330722767558648,
    0.00019884425328486413,
    0.0,
    4.9799126728860386e-05,
    0.0
  ],
  "fn_mean": [
    0.036313241930693754,
    0.012469739156373201,
    0.020090443042588304,
    0.0015947242211539721,
    6.610385486004826e-05,
    0.0,
    1.3309376455709436e-05,
    0.0
  ],
  "acc_s_mean": [
    0.8336266666666667,
    0.8238933333333333,
    0.8165600000000001,
    0.7996933333333333,
    0.8305333333333332,
    0.8163466666666666,
    0.811,
    0.84216
  ],
  "acc_s_std": [
    0.03943209296443134,
    0.037558762256259474,
    0.053207227579217725,
    0.07197980704490824,
    0.05815467498165751,
    0.05019282640200911,
    0.0477996931649845,
    0.04127974160125844
  ],
  "acc_f_mean": [
    0.9958666666666667,
    0.9949600000000001,
    0.9956266666666667,
    0.99596,
    0.9952533333333334,
    0.9952799999999999,
    0.9952533333333332,
    0.9954133333333333
  ],
  "acc_f_std": [
    0.0010649986958781814,
    0.0017545369759569094,
    0.001138107591086574,
    0.0012397849275848874,
    0.0018625669264634697,
    0.0015087301503803198,
    0.0017304591555101622,
    0.0013514765587641314
  ]
}