{
  "N_B_values": [
    10000,
    50000,
    100000,
    200000,
    500000,
    1000000,
    2000000
  ],
  "d": 50,
  "N_S": 200,
  "p": 0.01,
  "gamma": 0.5,
  "R": 3.0,
  "n_trials": 10,
  "tv_mean": [
    0.22805337328683323,
    0.15098825254451437,
    0.14138230555115533,
    0.1423568342000365,
    0.13082768699293032,
    0.12365538687127631,
    0.11711885002454495
  ],
  "tv_std": [
    0.0354566539776336,
    0.02301472027730904,
    0.034749827390929654,
    0.016075035811361108,
    0.012748118188936022,
    0.011396087181324285,
    0.015172170493160785
  ],
  "acc_s_mean": [
    0.8689199999999999,
    0.86394,
    0.8652,
    0.8606,
    0.8755000000000001,
    0.8767199999999999,
    0.86984
  ],
  "acc_s_std": [
    0.012244900979591451,
    0.010471695182729506,
    0.012339854132038995,
    0.015430359684725435,
    0.008643263272630314,
    0.009543248922667787,
    0.01186483881053593
  ],
  "acc_f_mean": [
    0.88806,
    0.9266399999999999,
    0.94444,
    0.9621000000000001,
    0.9804999999999999,
    0.98594,
    0.9922799999999998
  ],
  "acc_f_std": [
    0.013069980872212486,
    0.007923029723533821,
    0.00587114980221081,
    0.005757256290977484,
    0.0019313207915828093,
    0.001959693853641423,
    0.0015497096502248315
  ],
  "acc_r_mean": [
    0.86044,
    0.84466,
    0.84398,
    0.8411799999999999,
    0.8444,
    0.8393199999999998,
    0.8414200000000001
  ],
  "acc_r_std": [
    0.008153428726615569,
    0.005206956884784043,
    0.005297886370997406,
    0.006143256465426147,
    0.0041007316420365696,
    0.004921138079753505,
    0.0044474262219850414
  ]
}