{
  "N_S_values": [
    50,
    100,
    200,
    500,
    1000,
    2000,
    5000
  ],
  "d": 20,
  "N_B": 500000,
  "p": 0.01,
  "gamma": 0.5,
  "R": 3.0,
  "n_trials": 10,
  "tv_mean": [
    0.253126043755143,
    0.18591780433070776,
    0.12920056431149826,
    0.09074637891083673,
    0.06256175005998962,
    0.04454898825000509,
    0.033838055139031306
  ],
  "tv_std": [
    0.036843792496918076,
    0.036631166151482854,
    0.01597779864681366,
    0.011641034102195878,
    0.009259260577791152,
    0.007384234904259819,
    0.004765208927523592
  ],
  "fp_mean": [
    1.6159690057144706e-06,
    0.0,
    0.0,
    0.0,
    0.0,
    0.0,
    0.0
  ],
  "fn_mean": [
    0.0006877098895733625,
    0.0,
    0.0,
    0.0,
    0.0,
    0.0,
    0.0
  ],
  "acc_s_mean": [
    0.82944,
    0.8810800000000001,
    0.9253199999999999,
    0.96316,
    0.9754800000000001,
    0.9866599999999999,
    0.9929400000000002
  ],
  "acc_s_std": [
    0.032195751272489366,
    0.028605901489028456,
    0.013507390569610407,
    0.005818453402752304,
    0.0038855630222659004,
    0.0033894542333537895,
    0.0018826576959182083
  ],
  "acc_f_mean": [
    0.9925599999999999,
    0.9924,
    0.9921,
    0.9922599999999999,
    0.9922600000000001,
    0.9941599999999999,
    0.9963000000000001
  ],
  "acc_f_std": [
    0.001137717012266227,
    0.0008485281374238605,
    0.0018531055015837497,
    0.0016566230711903178,
    0.0020650423724466343,
    0.001594490514239579,
    0.0007707139547199294
  ]
}