{
  "d_values": [
    2,
    5,
    10,
    20,
    50,
    100,
    200,
    500,
    1000
  ],
  "N_S": 1000,
  "N_B": 500000,
  "p": 0.01,
  "gamma": 0.5,
  "R": 3.0,
  "n_trials": 10,
  "tv_mean": [
    0.0,
    0.0,
    0.0,
    0.0,
    0.0,
    0.0,
    0.0,
    0.003919436650621222,
    0.19447577573809077
  ],
  "tv_std": [
    0.0,
    0.0,
    0.0,
    0.0,
    0.0,
    0.0,
    0.0,
    0.0024770219155099676,
    0.0263741113996774
  ],
  "fp_mean": [
    0.0,
    0.0,
    0.0,
    0.0,
    0.0,
    0.0,
    0.0,
    0.0,
    0.0001670607461679798
  ],
  "fn_mean": [
    0.0,
    0.0,
    0.0,
    0.0,
    0.0,
    0.0,
    0.0,
    0.003919436650621222,
    0.1777697011212928
  ],
  "acc_s_mean": [
    0.9968600000000001,
    0.99106,
    0.98666,
    0.9801,
    0.95488,
    0.92398,
    0.88838,
    0.80244,
    0.7328199999999999
  ],
  "acc_s_std": [
    0.0010809255293497376,
    0.0034305101661414763,
    0.0026154158369177008,
    0.004600217386167741,
    0.004369164679890182,
    0.006932503155426622,
    0.004900979493937916,
    0.007384741024572227,
    0.00818948105804024
  ],
  "acc_f_mean": [
    0.99892,
    0.9973599999999999,
    0.9960799999999999,
    0.9937399999999998,
    0.9885999999999999,
    0.97888,
    0.96696,
    0.9376200000000001,
    0.8877999999999998
  ],
  "acc_f_std": [
    0.0007277362159464147,
    0.0010346013725102108,
    0.0008908422980527876,
    0.0012362847568420587,
    0.0017297398648351513,
    0.0035193181157718496,
    0.0027492544443903305,
    0.003573737539327692,
    0.0034246167668806286
  ]
}