{
  "N_B_values": [
    10000,
    50000,
    100000,
    200000,
    500000,
    1000000,
    2000000
  ],
  "d": 20,
  "N_S": 1000,
  "p": 0.01,
  "gamma": 0.5,
  "R": 3.0,
  "n_trials": 10,
  "tv_mean": [
    0.19164889683393554,
    0.10319860337780831,
    0.08189481608620192,
    0.06988702558535016,
    0.06482913986047638,
    0.06003820774566695,
    0.05206761343436791
  ],
  "tv_std": [
    0.031576106060046995,
    0.01448467472655774,
    0.008975034630091082,
    0.011127555300422127,
    0.008732216219390259,
    0.009040643887537319,
    0.006873791820138439
  ],
  "acc_s_mean": [
    0.97628,
    0.9767399999999998,
    0.9800799999999998,
    0.9772400000000001,
    0.9746,
    0.9756,
    0.9775599999999999
  ],
  "acc_s_std": [
    0.003729021319327625,
    0.003016023872584568,
    0.0026925081244074315,
    0.004726774798951171,
    0.0060252800764777695,
    0.005394812322963606,
    0.003318794962030654
  ],
  "acc_f_mean": [
    0.9777600000000002,
    0.9815800000000001,
    0.9866199999999999,
    0.9894999999999999,
    0.9930199999999999,
    0.9957400000000002,
    0.99732
  ],
  "acc_f_std": [
    0.003921020275387508,
    0.0032563169378916398,
    0.003214280634916609,
    0.0009726253132630174,
    0.0015477725931156627,
    0.0010509043724335832,
    0.0010438390680559957
  ]
}