{
  "gamma_values": [
    0.02,
    0.05,
    0.1,
    0.2,
    0.3,
    0.5,
    0.8,
    1.5
  ],
  "d": 10,
  "N_S": 30,
  "N_B": 500000,
  "p": 0.01,
  "R": 3.0,
  "n_trials": 15,
  "tv_mean": [
    0.27112407962947516,
    0.06036841140776029,
    0.04497838399466593,
    0.002242057740403533,
    6.610385486004826e-05,
    1.3465293206760265e-05,
    2.661875291142627e-05,
    0.0
  ],
  "tv_std": [
    0.18290974171655344,
    0.05455459121702274,
    0.08809415791077894,
    0.007538906602130231,
    0.00019884425328486413,
    5.038251379215151e-05,
    9.959825345774849e-05,
    0.0
  ],
  "fn_mean": [
    0.03886287318588564,
    0.013408491116209993,
    0.020009417311784718,
    0.001730346734053064,
    6.610385486004826e-05,
    1.3465293206760265e-05,
    2.661875291142627e-05,
    0.0
  ],
  "acc_s_mean": [
    0.8586266666666666,
    0.86072,
    0.86428,
    0.8527999999999999,
    0.8694533333333332,
    0.8704800000000001,
    0.8599733333333333,
    0.8768666666666668
  ],
  "acc_s_std": [
    0.022577140848408814,
    0.020020096569863654,
    0.030059567528492495,
    0.013648345443068675,
    0.02633501766765223,
    0.027787747899628946,
    0.020926393754193664,
    0.028745936910959932
  ],
  "acc_f_mean": [
    0.9339333333333333,
    0.9696133333333334,
    0.98304,
    0.9923866666666666,
    0.99236,
    0.9932266666666667,
    0.9924,
    0.9925733333333333
  ],
  "acc_f_std": [
    0.026710563869417326,
    0.02448024691233504,
    0.018457908873975942,
    0.0027514521418496207,
    0.0013956121715338193,
    0.0011451152295244857,
    0.001482340491699969,
    0.001586386529891828
  ],
  "acc_r_mean": [
    0.8280933333333335,
    0.8434133333333336,
    0.8319600000000001,
    0.8346,
    0.8432,
    0.8409733333333332,
    0.8414666666666667,
    0.8396933333333333
  ],
  "acc_r_std": [
    0.03688460323164064,
    0.01612029224990114,
    0.019906876533834553,
    0.02138385683952576,
    0.005817674220281964,
    0.005473751506558864,
    0.0035051707836027306,
    0.004159401666372486
  ]
}