{
  "N_B_values": [
    10000,
    50000,
    100000,
    200000,
    500000,
    1000000,
    2000000
  ],
  "d": 50,
  "N_S": 200,
  "p": 0.01,
  "gamma": 0.5,
  "R": 3.0,
  "n_trials": 10,
  "tv_mean": [
    0.22805337328683323,
    0.15098825254451437,
    0.14138230555115533,
    0.1423568342000365,
    0.13030080639265046,
    0.12160747830193411,
    0.11497517012347372
  ],
  "tv_std": [
    0.0354566539776336,
    0.02301472027730904,
    0.034749827390929654,
    0.016075035811361108,
    0.015364779938611055,
    0.012231594027826835,
    0.01722041096580843
  ],
  "acc_s_mean": [
    0.85426,
    0.8633000000000001,
    0.85734,
    0.8584399999999999,
    0.8614200000000001,
    0.86144,
    0.85928
  ],
  "acc_s_std": [
    0.017229056851725797,
    0.015578510840256837,
    0.015301777674505686,
    0.010821386232826177,
    0.013955772999013696,
    0.014443766821712408,
    0.01779105393168151
  ],
  "acc_f_mean": [
    0.8920399999999999,
    0.9450600000000001,
    0.9584400000000001,
    0.9713199999999999,
    0.98482,
    0.9911200000000001,
    0.9943800000000002
  ],
  "acc_f_std": [
    0.011158422827622203,
    0.005448706268464115,
    0.004048505897241586,
    0.0040161673271914364,
    0.0011914696806885193,
    0.001706927063468161,
    0.0011711532777565962
  ]
}