{
  "eps_O_values": [
    0.0,
    0.001,
    0.002,
    0.005,
    0.01,
    0.02,
    0.05
  ],
  "eps_S_values": [
    0.0,
    0.02,
    0.05,
    0.1,
    0.15,
    0.2,
    0.3
  ],
  "d": 10,
  "N_S": 1000,
  "N_B": 500000,
  "p": 0.01,
  "gamma": 0.5,
  "R": 3.0,
  "n_trials": 15,
  "eps_O_results": {
    "tv_mean": [
      0.0,
      0.09986832391275555,
      0.199901968160058,
      0.4998762210874395,
      0.999769296546012,
      1.9832233113219793,
      4.265852394739687
    ],
    "tv_std": [
      0.0,
      8.448467014826814e-05,
      8.003058609380338e-05,
      5.735357212694968e-05,
      0.00019122446475564107,
      0.00680746579230568,
      0.14607925354384632
    ],
    "fp_mean": [
      0.0,
      0.0009986832391275554,
      0.00199901968160058,
      0.004998762210874394,
      0.00999769296546012,
      0.0198322331132198,
      0.04262902197685708
    ],
    "acc_s_mean": [
      0.9770799999999998,
      0.9802,
      0.97896,
      0.9787466666666665,
      0.9787733333333335,
      0.9783599999999999,
      0.9779199999999999
    ],
    "acc_s_std": [
      0.0051921992771207645,
      0.002875181153713039,
      0.004351980392112711,
      0.004579645789311172,
      0.004849119049431093,
      0.005249609509287322,
      0.003985172518223028
    ],
    "acc_f_mean": [
      0.9932,
      0.99456,
      0.9955733333333333,
      0.9961600000000002,
      0.9977333333333332,
      0.9981466666666665,
      0.9982000000000001
    ],
    "acc_f_std": [
      0.0018761663039293618,
      0.0014032343591384524,
      0.0015437904290702604,
      0.0008522910301064996,
      0.0006992058987801052,
      0.0009534964895349943,
      0.0007155417527999181
    ]
  },
  "eps_S_results": {
    "tv_mean": [
      0.0,
      0.020916926779269224,
      0.15743035206606143,
      1.1210908008827665,
      2.49434642570021,
      3.781353245870475,
      6.14818619951115
    ],
    "tv_std": [
      0.0,
      0.0023693127678473752,
      0.04481313866729218,
      0.14149009197493786,
      0.1723053290600848,
      0.1496596100275013,
      0.19496443815724532
    ],
    "fn_mean": [
      0.0,
      0.019772031556718635,
      0.0459422343746981,
      0.07182850501133962,
      0.08676628330638066,
      0.10006440908403302,
      0.11588427601987669
    ],
    "acc_s_mean": [
      0.9783066666666667,
      0.98,
      0.9786,
      0.9822266666666668,
      0.9785199999999998,
      0.9791199999999999,
      0.9782266666666667
    ],
    "acc_s_std": [
      0.0033185271163909784,
      0.004577626750475262,
      0.0036044417043420243,
      0.003404206548114006,
      0.004716948165922545,
      0.006237007829614036,
      0.006747193655307532
    ],
    "acc_f_mean": [
      0.99292,
      0.9940266666666666,
      0.9931733333333336,
      0.9939199999999999,
      0.9921333333333332,
      0.9902799999999998,
      0.9877733333333333
    ],
    "acc_f_std": [
      0.0018544361227427952,
      0.0013443544506151924,
      0.0017691680405081782,
      0.001767559522807282,
      0.0015674466143664604,
      0.0013541048703848574,
      0.001480300269840171
    ]
  }
}