{
  "eps_O_values": [
    0.0,
    0.001,
    0.002,
    0.005,
    0.01,
    0.02,
    0.05
  ],
  "eps_S_values": [
    0.0,
    0.02,
    0.05,
    0.1,
    0.15,
    0.2,
    0.3
  ],
  "d": 10,
  "N_S": 1000,
  "N_B": 500000,
  "p": 0.01,
  "gamma": 0.5,
  "R": 3.0,
  "n_trials": 15,
  "eps_O_results": {
    "tv_mean": [
      0.0,
      0.09986832391275555,
      0.199901968160058,
      0.4998762210874395,
      0.9999039757313674,
      1.9998833661821809,
      4.999871376062326
    ],
    "tv_std": [
      0.0,
      8.448467014826814e-05,
      8.003058609380338e-05,
      5.735357212694968e-05,
      4.982361707626177e-05,
      6.035486116796934e-05,
      4.4336173934391226e-05
    ],
    "fp_mean": [
      0.0,
      0.0009986832391275554,
      0.00199901968160058,
      0.004998762210874394,
      0.009999039757313673,
      0.019998833661821806,
      0.04999871376062325
    ],
    "acc_s_mean": [
      0.9855733333333333,
      0.9865600000000001,
      0.9868266666666669,
      0.9848,
      0.9871733333333335,
      0.98516,
      0.9872533333333334
    ],
    "acc_s_std": [
      0.0032789158099726934,
      0.004867963297588306,
      0.0034206172282531433,
      0.00434511219648008,
      0.0036279409526004587,
      0.002760869428277989,
      0.002550259246081116
    ],
    "acc_f_mean": [
      0.9963866666666665,
      0.9958533333333333,
      0.9961333333333333,
      0.9966533333333333,
      0.9972933333333334,
      0.9980266666666666,
      0.9988133333333334
    ],
    "acc_f_std": [
      0.0017024949012813353,
      0.0012489284295836183,
      0.0012768015594532376,
      0.0009783432708183638,
      0.0008605941100322669,
      0.0007150446761489087,
      0.0004759084879353246
    ]
  },
  "eps_S_results": {
    "tv_mean": [
      0.0,
      0.019891335272363954,
      0.04990329363396657,
      0.09992381878662873,
      0.149913445677618,
      0.19989866067541645,
      0.30057568872979135
    ],
    "tv_std": [
      0.0,
      5.47196264049609e-05,
      5.866469177461799e-05,
      5.774390187241185e-05,
      5.176063561379762e-05,
      5.423250948020789e-05,
      0.001138507433021365
    ],
    "fn_mean": [
      0.0,
      0.019891335272363954,
      0.04990329363396657,
      0.09992381878662873,
      0.149913445677618,
      0.19989866067541645,
      0.2999157566627541
    ],
    "acc_s_mean": [
      0.9846266666666668,
      0.9873733333333335,
      0.9881866666666668,
      0.9874133333333331,
      0.9865600000000001,
      0.9854800000000001,
      0.9842133333333333
    ],
    "acc_s_std": [
      0.0034916026247110116,
      0.0024721021194297186,
      0.0035466165409991624,
      0.003226942137001472,
      0.003286497629189254,
      0.00270880047253391,
      0.0048888808080741215
    ],
    "acc_f_mean": [
      0.99504,
      0.9964933333333332,
      0.9963866666666668,
      0.9959466666666666,
      0.9953733333333334,
      0.9956266666666667,
      0.9950266666666666
    ],
    "acc_f_std": [
      0.001620205748251348,
      0.001082876826893168,
      0.0010619897467594524,
      0.0013415745309978957,
      0.0017946092115617453,
      0.0008386232103208748,
      0.0013443544506151948
    ]
  }
}