{
  "eps_O_values": [
    0.0,
    0.001,
    0.002,
    0.005,
    0.01,
    0.02,
    0.05
  ],
  "eps_S_values": [
    0.0,
    0.02,
    0.05,
    0.1,
    0.15,
    0.2,
    0.3
  ],
  "d": 10,
  "N_S": 1000,
  "N_B": 500000,
  "p": 0.01,
  "gamma": 0.5,
  "R": 3.0,
  "n_trials": 15,
  "eps_O_results": {
    "tv_mean": [
      0.0,
      0.09986832391275555,
      0.199901968160058,
      0.4998762210874395,
      0.9999039757313674,
      1.9998833661821809,
      4.998564910710931
    ],
    "tv_std": [
      0.0,
      8.448467014826814e-05,
      8.003058609380338e-05,
      5.735357212694968e-05,
      4.982361707626177e-05,
      6.035486116796934e-05,
      0.0012873569179051407
    ],
    "fp_mean": [
      0.0,
      0.0009986832391275554,
      0.00199901968160058,
      0.004998762210874394,
      0.009999039757313673,
      0.019998833661821806,
      0.049985649107109315
    ],
    "acc_s_mean": [
      0.97636,
      0.98064,
      0.9790933333333335,
      0.9784,
      0.9782533333333333,
      0.9776266666666665,
      0.9767200000000001
    ],
    "acc_s_std": [
      0.005929002164501768,
      0.0034696397507522274,
      0.004601371776136139,
      0.004303177120841442,
      0.0046718827991387825,
      0.005803845468499506,
      0.0038149180856212337
    ],
    "acc_f_mean": [
      0.9932533333333333,
      0.9716400000000001,
      0.9573866666666665,
      0.9315200000000001,
      0.9159333333333334,
      0.9056000000000001,
      0.9026133333333333
    ],
    "acc_f_std": [
      0.002286734692865704,
      0.003444183502660681,
      0.00401428560131052,
      0.00689339780756438,
      0.0062026517626647985,
      0.0032830879772961638,
      0.006207722788770642
    ],
    "acc_r_mean": [
      0.8378666666666666,
      0.8422000000000001,
      0.8397200000000001,
      0.8405333333333334,
      0.8397466666666668,
      0.8394133333333333,
      0.8424133333333333
    ],
    "acc_r_std": [
      0.004036279915411659,
      0.005548813687026561,
      0.005369941030092108,
      0.004560506794449741,
      0.005982849562615521,
      0.0047746366935669015,
      0.0044956077329866
    ]
  },
  "eps_S_results": {
    "tv_mean": [
      0.0,
      0.019891335272363954,
      0.05006490449124187,
      0.1696962749412458,
      0.8037844401050437,
      1.9094514829636622,
      5.401832000014904
    ],
    "tv_std": [
      0.0,
      5.47196264049609e-05,
      0.0003641820513501981,
      0.04609168839903448,
      0.20687122181844397,
      0.2869658155413141,
      0.5079054805830331
    ],
    "fn_mean": [
      0.0,
      0.019891335272363954,
      0.04990329363396657,
      0.09895053167781714,
      0.14262893552363357,
      0.18058163634563343,
      0.2334791548091739
    ],
    "acc_s_mean": [
      0.9792799999999999,
      0.97968,
      0.97824,
      0.9821866666666668,
      0.9779466666666666,
      0.9795466666666666,
      0.9784933333333333
    ],
    "acc_s_std": [
      0.004174078740672417,
      0.0034182256605827838,
      0.003710309960097672,
      0.0033589416322539695,
      0.004822982018995669,
      0.005926422942120219,
      0.006924301809970139
    ],
    "acc_f_mean": [
      0.9937866666666668,
      0.9936266666666669,
      0.9936266666666668,
      0.9458933333333334,
      0.9177333333333333,
      0.8895333333333336,
      0.8458666666666667
    ],
    "acc_f_std": [
      0.0014903541711806542,
      0.0013463365932122003,
      0.0015914214470787611,
      0.016807437507114387,
      0.005433067478158379,
      0.008229270252512614,
      0.004759084879353276
    ],
    "acc_r_mean": [
      0.8418266666666665,
      0.8411866666666666,
      0.8423733333333333,
      0.8417066666666667,
      0.8402400000000001,
      0.8434533333333334,
      0.8412399999999999
    ],
    "acc_r_std": [
      0.0053937577088910985,
      0.0024489090541617705,
      0.005324592837850507,
      0.005917597109938757,
      0.0043020615213329085,
      0.004495607732986582,
      0.004549109803027409
    ]
  }
}