{
  "eps_O_values": [
    0.0,
    0.001,
    0.002,
    0.005,
    0.01,
    0.02,
    0.05
  ],
  "eps_S_values": [
    0.0,
    0.02,
    0.05,
    0.1,
    0.15,
    0.2,
    0.3
  ],
  "d": 10,
  "N_S": 1000,
  "N_B": 500000,
  "p": 0.01,
  "gamma": 0.5,
  "R": 3.0,
  "n_trials": 15,
  "eps_O_results": {
    "tv_mean": [
      0.0,
      0.09986832391275555,
      0.199901968160058,
      0.4998762210874395,
      0.9999039757313674,
      1.9998833661821809,
      4.999871376062326
    ],
    "tv_std": [
      0.0,
      8.448467014826814e-05,
      8.003058609380338e-05,
      5.735357212694968e-05,
      4.982361707626177e-05,
      6.035486116796934e-05,
      4.4336173934391226e-05
    ],
    "fp_mean": [
      0.0,
      0.0009986832391275554,
      0.00199901968160058,
      0.004998762210874394,
      0.009999039757313673,
      0.019998833661821806,
      0.04999871376062325
    ],
    "acc_s_mean": [
      0.9851733333333333,
      0.9846000000000001,
      0.9844666666666665,
      0.9859066666666667,
      0.9843733333333334,
      0.9870533333333332,
      0.9868533333333335
    ],
    "acc_s_std": [
      0.002814123111892716,
      0.003114696346890544,
      0.003769821687501353,
      0.0031587902044224966,
      0.0039751673619554066,
      0.003661305171049729,
      0.0025080847052858664
    ],
    "acc_f_mean": [
      0.9961333333333333,
      0.9960400000000001,
      0.9966266666666665,
      0.99704,
      0.9970800000000003,
      0.9982666666666666,
      0.998853333333333
    ],
    "acc_f_std": [
      0.0011139519239576315,
      0.001131842156250887,
      0.0009657236779856989,
      0.000972145393789769,
      0.0007756287771866112,
      0.0007542472332656488,
      0.0005188020388891694
    ]
  },
  "eps_S_results": {
    "tv_mean": [
      0.0,
      0.019891335272363954,
      0.04990329363396657,
      0.0999507531267677,
      0.15400783418748304,
      0.23837929154334525,
      0.8510955781766211
    ],
    "tv_std": [
      0.0,
      5.47196264049609e-05,
      5.866469177461799e-05,
      8.85308205153129e-05,
      0.003851228727199589,
      0.039380467465410726,
      0.29552336033526666
    ],
    "fn_mean": [
      0.0,
      0.019891335272363954,
      0.04990329363396657,
      0.09992381878662873,
      0.14990008830100673,
      0.19961992381050772,
      0.29572035429332594
    ],
    "acc_s_mean": [
      0.9843066666666667,
      0.9847199999999999,
      0.9863733333333333,
      0.9872933333333334,
      0.9855200000000003,
      0.98644,
      0.9867066666666667
    ],
    "acc_s_std": [
      0.0040771667722683085,
      0.00550577878233406,
      0.002847095986361462,
      0.002816964481297001,
      0.003846938176437635,
      0.0031395965770567883,
      0.003712944324327473
    ],
    "acc_f_mean": [
      0.9951466666666666,
      0.9960133333333333,
      0.9954133333333334,
      0.9954666666666668,
      0.9955200000000001,
      0.9952266666666668,
      0.9948666666666666
    ],
    "acc_f_std": [
      0.0010965805437307828,
      0.0014813807373153143,
      0.0011557777564143777,
      0.001011050059206886,
      0.0012539005808542636,
      0.0009088209700241067,
      0.001264208140387577
    ]
  }
}