{
  "eps_O_values": [
    0.0,
    0.001,
    0.002,
    0.005,
    0.01,
    0.02,
    0.05
  ],
  "eps_S_values": [
    0.0,
    0.02,
    0.05,
    0.1,
    0.15,
    0.2,
    0.3
  ],
  "d": 50,
  "N_S": 1000,
  "N_B": 2500000,
  "p": 0.01,
  "gamma": 0.1,
  "R": 3.0,
  "n_trials": 15,
  "eps_O_results": {
    "tv_mean": [
      0.05285972885171666,
      0.05534480371724064,
      0.05315148677666762,
      0.05324796929978094,
      0.05340385739976812,
      0.05090355966135911,
      0.06129158046419308
    ],
    "tv_std": [
      0.008146516207090919,
      0.007848895629080803,
      0.007067313136100867,
      0.008417035681558094,
      0.009963845888216447,
      0.009419251280398985,
      0.012551428047982498
    ],
    "fp_mean": [
      0.0,
      0.0009997572468762395,
      0.0019996099547799715,
      0.004997262454812998,
      0.009979342149970758,
      0.019810009576928942,
      0.04787370946615868
    ],
    "acc_s_mean": [
      0.9426000000000001,
      0.9379333333333333,
      0.9423999999999999,
      0.9415333333333332,
      0.9385866666666668,
      0.9395999999999999,
      0.9383066666666667
    ],
    "acc_s_std": [
      0.004733990564699783,
      0.006190171421069228,
      0.006719523792650783,
      0.007897904082026367,
      0.005950223151744433,
      0.007749408579584202,
      0.005616578634324944
    ],
    "acc_f_mean": [
      0.9925999999999999,
      0.9683600000000002,
      0.9516800000000001,
      0.9260933333333334,
      0.9141333333333334,
      0.90796,
      0.9081333333333335
    ],
    "acc_f_std": [
      0.0010066445913694269,
      0.0030368404633763797,
      0.004606546066921142,
      0.004206576861165019,
      0.005136881890364579,
      0.0038409720991783654,
      0.004715176443028274
    ],
    "acc_r_mean": [
      0.84172,
      0.8410666666666666,
      0.8411066666666666,
      0.8413200000000001,
      0.8428266666666667,
      0.8428133333333333,
      0.8449200000000001
    ],
    "acc_r_std": [
      0.005380854950656077,
      0.0031015408357065923,
      0.006118765307550944,
      0.004194472553253846,
      0.004686358453592233,
      0.004696930439718634,
      0.006393663529881228
    ]
  },
  "eps_S_results": {
    "tv_mean": [
      0.05583411580409013,
      0.09060776666144037,
      0.3946547307933502,
      0.6662259162747974,
      0.7542376589186358,
      0.7640457770183456,
      0.7224292740568585
    ],
    "tv_std": [
      0.00998033236781194,
      0.014762688959635593,
      0.05424201695454663,
      0.03184360916042359,
      0.009746089662131358,
      0.006159897206583493,
      0.008449321118029766
    ],
    "fn_mean": [
      0.0,
      0.0202637128587146,
      0.04984059532589054,
      0.09393707038724922,
      0.13152453643347853,
      0.16252960175980172,
      0.21320000963460142
    ],
    "acc_s_mean": [
      0.9389466666666666,
      0.9446266666666667,
      0.9370133333333331,
      0.9432933333333334,
      0.9372,
      0.9411333333333333,
      0.9403733333333335
    ],
    "acc_s_std": [
      0.006644282420915652,
      0.007574647773255788,
      0.010104379688476111,
      0.0051685544938169506,
      0.009772341923339924,
      0.007100297333367262,
      0.004995927230143456
    ],
    "acc_f_mean": [
      0.9932666666666667,
      0.9399333333333334,
      0.8947866666666667,
      0.8802666666666666,
      0.8576266666666664,
      0.8520266666666667,
      0.8444266666666665
    ],
    "acc_f_std": [
      0.001325979721648192,
      0.016604845343720878,
      0.0052887133490943684,
      0.004852857119493852,
      0.0055497107031708265,
      0.00411946059036319,
      0.006075027206157649
    ],
    "acc_r_mean": [
      0.8401466666666668,
      0.8406133333333333,
      0.8415466666666667,
      0.8425066666666666,
      0.84032,
      0.8434933333333334,
      0.8410666666666665
    ],
    "acc_r_std": [
      0.004354593998168931,
      0.003992303706995359,
      0.00440028281919343,
      0.004476228571266468,
      0.005545833270723772,
      0.004155553178846614,
      0.0062497644400053756
    ]
  }
}